经编布,针织面料>>其他针织面料>>其他经编布 针织面料>>汗布>>经编汗布
针织卫衣布,针织面料>>卫衣布>>卫衣布
全棉印花布,棉类面料>>梭织印花 棉类面料>>棉布
人棉提花,化纤面料>>其他粘胶(人棉)面料
仿毛绒,呢料毛纺面料>>绒布>>其他绒布
有光布,针织面料>>其他针织面料>>亮光布
缎面雪纺,化纤面料>>雪纺>>雪纺
仿记忆布,化纤面料>>羽绒服、棉服面料>>仿记忆
破卡布,棉类面料>>破卡>>破卡
青年布,棉类面料>>工装面料>>工装面料
色织条纹,棉类面料>>条子布 棉类面料>>衬衫布 化纤面料>>条子布 针织面料>>色织布
树皮皱,棉类面料>>绉布>>绉布
提花棉麻,麻类面料>>麻料混纺>>麻料混纺 麻类面料>>麻棉弹力
印花雪纺,化纤面料>>雪纺>>雪纺
竹节麻,麻类面料>>其他麻纺面料>>麻料
亚麻,麻类面料>>亚麻布>>亚麻布
蕾丝,蕾丝/绣品>>普通蕾丝 蕾丝/绣品>>锦棉蕾丝 蕾丝/绣品>>股线蕾丝 蕾丝/绣品>>睫毛蕾丝 蕾丝/绣品>>锦氨蕾丝 蕾丝/绣品>>流苏蕾丝
色丁布,丝绸/真丝面料>>色丁>>色丁 化纤面料>>色丁>>色丁
毛呢,呢料毛纺面料>>顺毛呢 呢料毛纺面料>>凤凰呢 呢料毛纺面料>>龙凤呢 呢料毛纺面料>>圈圈呢 呢料毛纺面料>>印花呢料 呢料毛纺面料>>针织毛呢 呢料毛纺面料>>其他毛呢
数码印花布,针织面料>>其他针织面料>>针织印花布
,
提花牛仔,针织面料>>针织牛仔 棉类面料>>牛仔布
涤棉布,化纤面料>>其他涤纶面料
针织羊绒,呢料毛纺面料>>羊绒
羊毛呢,呢料毛纺面料>>其他毛呢面料>>其他毛呢面料
奥代尔针织布,针织面料>>其他针织面料>>奥代尔针织
缎彩牛奶丝,针织面料>>其他针织面料>>牛奶丝
缎彩太空层,针织面料>>空气层>>太空层
全棉大卫衣,针织面料>>卫衣布>>卫衣布
象皮绒,皮革/皮草>>仿皮绒 皮革/皮草>>皮绒
针织蜂窝,针织面料>>网布>>网眼布 针织面料>>网布>>网布 针织面料>>网布>>网孔布
珠地布,针织面料>>珠地>>珠地
梭织,无
裤料,无
西装料,呢料毛纺面料>>其他呢料>>西装面料 呢料毛纺面料>>其他毛纺面料>>精纺 呢料毛纺面料>>其他毛纺面料>>华达呢 呢料毛纺面料>>其他毛纺面料>>麦尔登呢 呢料毛纺面料>>其他毛纺面料>>马海毛 呢料毛纺面料>>其他毛纺面料>>哔叽 麻类面料>>亚麻布
粗纺呢绒,呢料毛纺面料>>粗纺>>粗纺呢料
双面顺毛,呢料毛纺面料>>双面 呢料毛纺面料>>顺毛呢
香风,呢料毛纺面料>>粗纺 呢料毛纺面料>>其他呢料>>花呢
麦呢,呢料毛纺面料>>麦尔登呢
顺毛,呢料毛纺面料>>顺毛呢
欧根纱绣花,丝绸/真丝面料>>欧根纱
针织（普通针织布）,无
细斜,针织面料>>针织提花>>针织斜纹 棉类面料>>斜纹布
斜纹,针织面料>>针织提花>>针织斜纹 棉类面料>>斜纹布 呢料毛纺面料>>斜纹呢
平纹,棉类面料>>平纹布
毛纺,呢料毛纺面料>>双面呢 呢料毛纺面料>>单面呢 呢料毛纺面料>>羊绒 呢料毛纺面料>>其他全毛面料 呢料毛纺面料>>顺毛呢 呢料毛纺面料>>凤凰呢 呢料毛纺面料>>龙凤呢 呢料毛纺面料>>圈圈呢 呢料毛纺面料>>印花呢料 呢料毛纺面料>>针织毛呢 呢料毛纺面料>>其他毛呢面料 呢料毛纺面料>>其他毛纺面料
夹丝棉提花,针织面料>>其他针织面料>>夹丝棉
竹节布,针织面料>>针织牛仔>>竹节牛仔 针织面料>>汗布>>竹节汗布 针织面料>>粗针>>粗针竹节 针织面料>>其他针织面料>>针织竹节
欧根纱条子,丝绸/真丝面料>>欧根纱
全棉色织,棉类面料>>条子布 棉类面料>>格子布 棉类面料>>衬衫布
舒美绸,化纤面料>>塔丝绒 化纤面料>>其他化纤面料>>美丽绸 化纤面料>>其他涤纶面料>>长丝
阿尔泰绒,呢料毛纺面料>>绒布>>气蒸绒 呢料毛纺面料>>绒布>>泰迪绒 呢料毛纺面料>>绒布>>仿羊绒
安娜丝,针织面料>>粗针
奥代尔斜纹,针织面料>>汗布>>奥代尔汗布 针织面料>>其他针织面料>>奥代尔针织
巴黎麻,化纤面料>>雪纺
冰花绒,呢料毛纺面料>>绒布>>钻石绒
波比,针织面料>>其他针织面料>>牛奶丝
超柔复合,呢料毛纺面料>>绒布>>仿超柔复合
粗针罗纹,针织面料>>粗针 针织面料>>罗纹
粗针毛圈,针织面料>>粗针 针织面料>>卫衣布>>毛圈布
粗针色织,针织面料>>粗针 针织面料>>色织布
粗针提花,针织面料>>粗针 针织面料>>针织提花
粗针印花,针织面料>>粗针 针织面料>>其他针织面料>>针织印花布
打底裤系列,针织面料>>其他针织面料>>打底裤面料
法国绒,呢料毛纺面料>>绒布>>金丝绒
法国羊绒,呢料毛纺面料>>羊绒
防臭面料,化纤面料>>功能布
仿兔毛,呢料毛纺面料>>绒布>>仿兔绒
毛料,呢料毛纺面料>>双面呢 呢料毛纺面料>>单面呢 呢料毛纺面料>>羊绒 呢料毛纺面料>>其他全毛面料 呢料毛纺面料>>顺毛呢 呢料毛纺面料>>凤凰呢 呢料毛纺面料>>龙凤呢 呢料毛纺面料>>圈圈呢 呢料毛纺面料>>印花呢料 呢料毛纺面料>>针织毛呢 呢料毛纺面料>>其他毛呢面料 呢料毛纺面料>>其他毛纺面料
毛绒,呢料毛纺面料>>双面呢 呢料毛纺面料>>单面呢 呢料毛纺面料>>羊绒 呢料毛纺面料>>其他全毛面料 呢料毛纺面料>>顺毛呢 呢料毛纺面料>>凤凰呢 呢料毛纺面料>>龙凤呢 呢料毛纺面料>>圈圈呢 呢料毛纺面料>>印花呢料 呢料毛纺面料>>针织毛呢 呢料毛纺面料>>绒布 呢料毛纺面料>>其他毛呢面料 呢料毛纺面料>>其他毛纺面料
毛绒复合,呢料毛纺面料>>绒布 呢料毛纺面料>>其他毛纺面料
梭织绒布,呢料毛纺面料>>绒布
20*10,无
工装布,棉类面料>>工装面料
针织牛仔,针织面料>>针织牛仔
剪花麻棉,麻类面料>>麻料混纺 棉类面料>>其他棉纺>>剪花布
苎麻棉,麻类面料>>苎麻布 麻类面料>>麻料混纺
里布,化纤面料>>塔丝绒 化纤面料>>其他化纤面料>>美丽绸 化纤面料>>其他涤纶面料>>长丝
丽丝绒,呢料毛纺面料>>绒布>>金丝绒
圈绒,呢料毛纺面料>>绒布>>气蒸绒 呢料毛纺面料>>绒布>>泰迪绒 呢料毛纺面料>>绒布>>仿羊绒 呢料毛纺面料>>绒布>>奥羊绒
亮光尼丝纺,化纤面料>>羽绒服、棉服面料>>尼丝纺
绣花毛呢,呢料毛纺面料>>其他毛呢面料 呢料毛纺面料>>其他呢料
印花毛呢,呢料毛纺面料>>其他毛呢面料 呢料毛纺面料>>其他呢料
尼龙防晒面料,化纤面料>>功能布>>防晒
真记忆布,化纤面料>>羽绒服、棉服面料
真丝,丝绸/真丝面料>>真丝面料
针织印花,针织面料>>其他针织面料>>针织印花布
卫衣,针织面料>>卫衣布
针织纬编布,针织面料>>其他针织面料
T400系列,化纤面料>>羽绒服、棉服面料
乱麻布,针织面料>>其他针织面料>>针织乱麻 化纤面料>>雪纺>>乱麻
梭织人丝,化纤面料>>人丝乔其
高密斜,棉类面料>>斜纹布
高密斜仿天丝,棉类面料>>其他棉纺>>仿天丝
平纹仿天丝,棉类面料>>其他棉纺>>仿天丝
双经斜,棉类面料>>斜纹布
梭织仿天丝,棉类面料>>其他棉纺>>仿天丝
斜纹仿天丝,棉类面料>>其他棉纺>>仿天丝
色丁提花布,丝绸/真丝面料>>色丁>>色丁 化纤面料>>色丁>>色丁
防静电面料,其他面料>>特种面料>>抗静电布
针织经编布,针织面料>>其他针织面料>>其他经编布
皮草,皮革/皮革>>鹿皮绒 皮革/皮革>>麂皮绒 皮革/皮革>>仿皮绒 皮革/皮革>>真皮 皮革/皮革>>皮绒 皮革/皮革>>皮毛 皮革/皮革>>水洗皮 皮革/皮革>>仿皮 皮革/皮革>>人造毛
牛奶丝印花,针织面料>>其他针织面料>>牛奶丝
经编里布,化纤面料>>塔丝绒 化纤面料>>其他化纤面料>>美丽绸 化纤面料>>其他涤纶面料>>长丝
针织里布,化纤面料>>塔丝绒 化纤面料>>其他化纤面料>>美丽绸 化纤面料>>其他涤纶面料>>长丝
绣花布,加工服务>>绣花 蕾丝面料>>蕾丝绣花
水洗牛仔布,针织面料>>针织牛仔 棉类面料>>牛仔布
呢绒,呢料毛纺面料>>双面呢 呢料毛纺面料>>单面呢 呢料毛纺面料>>羊绒 呢料毛纺面料>>其他全毛面料 呢料毛纺面料>>顺毛呢 呢料毛纺面料>>凤凰呢 呢料毛纺面料>>龙凤呢 呢料毛纺面料>>圈圈呢 呢料毛纺面料>>印花呢料 呢料毛纺面料>>针织毛呢 呢料毛纺面料>>绒布 呢料毛纺面料>>其他毛呢面料 呢料毛纺面料>>其他毛纺面料
双层布,麻类面料>>其他麻纺面料>>双层麻 针织面料>>空气层>>健康布
时装面料,呢料毛纺面料>>针织毛呢>>时装呢
加捻记忆布,化纤面料>>羽绒服、棉服面料
棉麻布,麻类面料>>麻料混纺>>麻料混纺 麻类面料>>麻棉弹力
全棉斜纹布,棉类面料>>斜纹布
弹力纱卡,棉类面料>>纱卡
弹力斜纹,棉类面料>>弹力布
高弹赛络纺,棉类面料>>弹力布 棉类面料>>其他棉纺>>赛络纺
全棉平纹布,棉类面料>>平纹布
时装料,呢料毛纺面料>>针织毛呢>>时装呢
纬编布,无
平纹呢,化纤面料>>工装面料>>罗尔呢
泡泡纱,棉类面料>>其他棉纺>>棉泡纱 棉类面料>>其他棉纺>>泡泡布
天丝,针织面料>>其他针织面料>>天丝棉 棉类面料>>其他棉纺>>仿天丝 化纤面料>>其他粘胶(人棉)面料
色织棉麻,麻类面料>>麻料混纺>>麻料混纺 麻类面料>>麻棉弹力 麻类面料>>其他麻纺面料>>色织
丝光绒,呢料毛纺面料>>绒布>>韩国绒
羊羔毛,呢料毛纺面料>>羊绒 呢料毛纺面料>>绒布>>羊羔绒
马海绒,呢料毛纺面料>>其他毛纺面料>>马海毛
巴黎珠,化纤面料>>雪纺
齐乐绒,棉类面料>>灯芯绒
网纱印花,蕾丝/绣品>>网纱
珍珠雪纺,化纤面料>>雪纺
弹力细斜,棉类面料>>弹力布 棉类面料>>斜纹布
全棉磨毛布,棉类面料>>其他棉纺>>磨毛布
提花呢料,呢料毛纺面料>>粗纺>>粗纺提花 呢料毛纺面料>>其他呢料
拉绒布,针织面料>>拉毛布
台布口布,其他面料>>家纺
植绒革,皮革/皮革>>皮革>>植绒皮革
色织毛呢,呢料毛纺面料>>针织毛呢 呢料毛纺面料>>其他呢料
色纺,无
斜纹青年布,棉类面料>>工装面料>>工装面料
针织灯芯绒,棉类面料>>灯芯绒
双面斜,棉类面料>>斜纹布
棉布色织，,棉类面料>>条子布 棉类面料>>格子布 棉类面料>>衬衫布
民族布,棉类面料>>梭织提花
弹力贡缎,棉类面料>>弹力布 棉类面料>>缎纹>>贡缎
人字斜,棉类面料>>斜纹布
韩圈呢,呢料毛纺面料>>圈圈呢 呢料毛纺面料>>羊绒
韩泰呢,呢料毛纺面料>>粗纺
韩鑫呢,呢料毛纺面料>>粗纺 呢料毛纺面料>>羊绒
韩珠呢,呢料毛纺面料>>粗纺 针织面料>>空气层
幻灯丝,针织面料>>其他针织面料>>金银丝
极品绒,无
圈圈绒,呢料毛纺面料>>圈圈呢
仿羊毛,呢料毛纺面料>>绒布>>仿羊绒
条绒,棉类面料>>灯芯绒
毛皮提花,皮革/皮草>>皮毛
纤丝绒,棉类面料>>灯芯绒
水貂毛,皮革/皮草>>皮毛
小兔毛,皮革/皮草>>皮毛
平纹记忆布,化纤面料面料>>羽绒服、棉服面料
全尼龙布,化纤面料面料>>其他尼龙面料
剪毛绒,呢料毛纺面料>>绒布
海岛绒,呢料毛纺面料>>绒布>>银狐绒
水晶绒,呢料毛纺面料>>绒布>>水晶超柔
羊羔毛复合,呢料毛纺面料>>绒布>>羊羔绒
经编绒布,呢料毛纺面料>>绒布
涤棉纱卡,棉类面料>>纱卡
涤麻,麻类面料>>麻料混纺
麻料色织,麻类面料>>其他麻纺面料>>色织
针织快时尚女装,无
窗帘窗纱,其他面料>>窗帘面料 其他面料>>窗纱
棉花绒,呢料毛纺面料>>绒布>>羊羔绒
针织阳离子,针织面料>>弹力布>>阳离子拉架 化纤面料>>其他涤纶面料
阻燃面料,化纤面料>>功能布
阳离子汗布,针织面料>>汗布
真丝印花,丝绸/真丝面料>>真丝面料
羊圈呢,呢料毛纺面料>>圈圈呢
俏丽呢,呢料毛纺面料>>羊绒
羊驼绒,呢料毛纺面料>>其他全毛面料>>羊驼毛
卓尚呢,呢料毛纺面料>>粗纺 呢料毛纺面料>>羊绒
有光锦棉,化纤面料>>其他化纤面料
天丝绉,针织面料>>其他针织面料
钻石丝,化纤面料>>其他化纤面料>>风衣布
提花毛呢,呢料毛纺面料>>其他毛呢面料
特密纱,蕾丝/绣品>>网纱
啊啊啊啊啊,无
弹力雪纺,化纤面料>>雪纺
乔其纱,丝绸/真丝面料>>乔其 化纤面料>>雪纺
顺纡皱,丝绸/真丝面料>>顺纡绉
雪纺珠,化纤面料>>雪纺
棉麻印花,麻类面料>>麻料混纺>>麻料混纺 麻类面料>>麻棉弹力 麻类面料>>其他麻纺面料>>麻布印花
提花,针织面料>>针织提花  棉类面料>>梭织提花
真丝麻,麻类面料>>麻料混纺
玉米格,针织面料>>针织提花>>玉米粒
斜纹印花布,棉类面料>>斜纹布 棉类面料>>梭织印花
TR,化纤面料>>色丁 化纤面料>>弹力绉 化纤面料>>醋酸面料 化纤面料>>条子布 化纤面料>>人丝乔其 化纤面料>>人棉印花 化纤面料>>其他粘胶(人棉)面料
时装,呢料毛纺面料>>针织毛呢>>时装呢
水晶麻,化纤面料>>雪纺>>韩国麻
韩国纱,化纤面料>>雪纺>>佳丽纱
意大利绒,呢料毛纺面料>>绒布>>短毛绒 呢料毛纺面料>>绒布>>天鹅绒
针织烂花,棉类面料>>其他棉纺>>烂花 针织面料>>其他针织面料>>其他针织面料
缎面印花,棉类面料>>缎纹>>缎面
仿麻竹节,化纤面料>>仿麻布
纱布,棉类面料>>其他棉纺
雪纺绉,化纤面料>>雪纺
真丝缎,丝绸/真丝面料>>真丝面料
地毯布,其他面料>>地毯
夹克面料,化纤面料>>羽绒服、棉服面料 化纤面料>>其他化纤面料>>冲锋衣面料 化纤面料>>其他化纤面料>>风衣面料
针织压皱,针织面料>>其他针织面料
五枚缎(亮光缎纹),棉类面料>>缎纹
复合毛绒,呢料毛纺面料>>绒布
风衣面料,化纤面料>>其他化纤面料>>风衣面料
羽绒服面料,化纤面料>>羽绒服、棉服面料
超细旦,化纤面料>>其他化纤面料
双层皱,棉类面料>>绉布
牙签条,棉类面料>>条子布 棉类面料>>衬衫布
苎麻,麻类面料>>苎麻布
棉锦双层,棉类面料>>弹力布
丝麻提花,麻类面料>>亚麻布 棉类面料>>棉类混纺
印花毛圈布,针织面料>>卫衣布>>毛圈布
单面双面提花,无
针织刺毛,呢料毛纺面料>>龙凤呢
阳离子,化纤面料>>其他涤纶面料
9088,无
印花化纤布,化纤面料>>其他化纤面料
毛圈,针织面料>>卫衣布>>毛圈布
卡通绣花章,辅料>>布贴>>绣花章
手工饰品,辅料>>烫图、烫钻>>手工钻 辅料>>服装饰品>>手工花
领花，假领,辅料>>服装饰品>>领花 蕾丝/绣品>>绣品>>领花
牛奶丝花边,辅料>>花边 蕾丝/绣品>>花边
羊毛拉架,呢料毛纺面料>>其他全毛面料
成品毛毯,呢料毛纺面料>>绒布
法兰绒，珊瑚绒,呢料毛纺面料>>绒布>>法兰绒 呢料毛纺面料>>绒布>>珊瑚绒
摇粒绒，银狐绒,呢料毛纺面料>>绒布>>摇粒绒 呢料毛纺面料>>绒布>>银狐绒
遇水变色花型,无
帐篷面料,其他面料>>篷布
压皱布,加工服务>>定型>>压皱
网布，蚊帐布,针织面料>>网布 蕾丝/绣品>>网布 蕾丝/绣品>>网纱
绣花网,蕾丝/绣品>>网纱
珠帆,棉类面料>>其他棉纺>>帆布
弹力缎纹印花布,棉类面料>>缎纹 棉类面料>>梭织印花
真丝绉,丝绸/真丝面料>>真丝面料
纱卡布，,棉类面料>>纱卡
梭织人棉印花,化纤面料>>人棉印花
TR,化纤面料>>色丁 化纤面料>>弹力绉 化纤面料>>醋酸面料 化纤面料>>条子布 化纤面料>>人丝乔其 化纤面料>>人棉印花 化纤面料>>其他粘胶(人棉)面料
乱麻，佳丽纱,化纤面料>>雪纺>>佳丽纱 化纤面料>>雪纺>>乱麻
色丁，花瑶绉，,化纤面料>>花瑶绉 丝绸/真丝面料>>色丁 化纤面料>>色丁 针织面料>>其他针织面料>>针织色丁
高捻雪纺，,化纤面料>>雪纺
箱包布,其他面料>>箱包、鞋材料>>箱包材料
金银丝色织,针织面料>>其他针织面料>>金银丝
金片绣,蕾丝/绣品>>珠片绣
尼龙四面弹,化纤面料>>四面弹
阳离子，春亚纺,化纤面料>>春亚纺 化纤面料>>其他涤纶面料
锦涤纺，棉布,化纤面料>>羽绒服、棉服面料 化纤面料>>其他尼龙面料 棉类面料>>棉布
鞋材布,其他面料>>箱包、鞋材料>>鞋材料
仿真丝提花,化纤面料>>其他化纤面料>>仿真丝
网格布,棉类面料>>格子布>>网格
直贡尼，菠萝布,针织面料>>其他针织面料>>直贡呢  针织面料>>针织提花>>菠萝布
尼龙布,化纤面料>>春亚纺 化纤面料>>四面弹 化纤面料>>羽绒服、棉服面料类 化纤面料>>桃皮绒 化纤面料>>牛津纺 化纤面料>>其他尼龙面料
锦棉氨蕾丝,蕾丝/绣品>>锦棉蕾丝 蕾丝/绣品>>锦氨蕾丝
亮光风衣布,化纤面料>>羽绒服、棉服面料
真丝人棉,化纤面料>>其他粘胶(人棉)面料
丝麻竹节,麻类面料>>麻料混纺
东风纱,丝绸/真丝面料>>真丝面料
直弹印花布,棉类面料>>弹力布
罗纹,针织面料>>罗纹
领子,辅料>>毛领 辅料>>服装饰品>>领花 蕾丝/绣品>>绣品>>领花
帽子,辅料>>服装饰品
双面,无
棉麻针织布,麻类面料>>麻料混纺>>麻料混纺 麻类面料>>麻棉弹力
蚂蚁布，,呢料毛纺面料>>绒布>>蚂蚁布
童装，男女装,无
梭织色织,棉类面料>>条子布 棉类面料>>格子布 棉类面料>>衬衫布 麻类面料>>其他麻纺面料>>色织
打绉,加工服务>>定型>>压皱
乱麻植绒，,化纤面料>>雪纺>>乱麻
拔白，彩拔,加工服务>>印花>>活性印花 加工服务>>印花>>水浆印花
拔白,加工服务>>印花>>活性印花 加工服务>>印花>>水浆印花
春秋丁,化纤面料>>牛津纺 化纤面料>>其他涤纶面料
防绒布,化纤面料>>其他化纤面料>>防羽布
多丽丝竹节,化纤面料>>雪纺>>多丽丝
仿羊羔绒,呢料毛纺面料>>绒布>>仿羊绒
锦涤纺,化纤面料>>羽绒服、棉服面料 化纤面料>>其他尼龙面料
色丁布，棉布,丝绸/真丝面料>>色丁 化纤面料>>色丁 针织面料>>其他针织面料>>针织色丁 棉类面料>>棉布
提花布,无
欧根纱提花,丝绸/真丝面料>>欧根纱
雪纺剪花,针织面料>>针织提花 棉类面料>>梭织提花
精纺毛料,呢料毛纺面料>>其他毛纺面料>>精纺
印花灯芯绒,棉类面料>>灯芯绒
仿PU,皮革/皮革>>仿皮
烫金布，色丁,丝绸/真丝面料>>色丁 化纤面料>>色丁 针织面料>>其他针织面料>>针织色丁 针织面料>>其他针织面料>>烫金布
牛津布，烫金布,针织面料>>其他针织面料>>烫金布 化纤面料>>牛津纺>>牛津布
高低捻雪纺,化纤面料>>雪纺
乱麻，花瑶绉,化纤面料>>雪纺>>乱麻 化纤面料>>花瑶绉
四面弹，,化纤面料>>四面弹
平绒,呢料毛纺面料>>绒布
竹节平绒,呢料毛纺面料>>绒布
水波纹,呢料毛纺面料>>绒布>>仿羊绒 呢料毛纺面料>>其他毛纺面料>>马海毛
变色龙,化纤面料>>其他涤纶面料
涤闪光,针织面料>>其他针织面料>>金银丝
加厚锦棉,化纤面料>>羽绒服、棉服面料
雪纺提花,化纤面料>>雪纺
胚布,无
唐装面料,丝绸/真丝面料>>锦缎
旗袍面料,丝绸/真丝面料>>锦缎 丝绸/真丝面料>>丝绸 丝绸/真丝面料>>真丝面料 麻类面料>>苎麻布 棉类面料>>缎纹>>贡缎
锦棉竹节,化纤面料>>羽绒服、棉服面料
乱麻四面弹,化纤面料>>雪纺>>乱麻 化纤面料>>雪纺>>四面弹
股线，平绣,蕾丝/绣品>>蕾丝绣花>>平绣 蕾丝/绣品>>股线蕾丝
蕾丝网布,蕾丝/绣品>>网布
吸湿排汗面料,针织面料>>弹力布>>阳离子拉架
梭织里布,化纤面料>>塔丝绒 化纤面料>>其他化纤面料>>美丽绸 化纤面料>>其他涤纶面料>>长丝
风衣,化纤面料>>其他化纤面料>>风衣面料
梭织绣花,加工服务>>绣花 蕾丝面料>>蕾丝绣花
磨毛牛仔,针织面料>>针织牛仔 棉类面料>>牛仔布
色织牛仔,针织面料>>针织牛仔 棉类面料>>牛仔布
天丝牛仔,针织面料>>针织牛仔 棉类面料>>牛仔布
斜纹牛仔,针织面料>>针织牛仔 棉类面料>>牛仔布
印花牛仔,针织面料>>针织牛仔 棉类面料>>牛仔布
服装面料,无
巴厘纱,棉类面料>>衬衫布
仿麻竹节布,化纤面料>>仿麻布
高密仿天丝,棉类面料>>其他棉纺>>仿天丝
雪纺压皱,化纤面料>>雪纺
蕾丝 网布 绣,蕾丝/绣品>>普通蕾丝 蕾丝/绣品>>锦棉蕾丝 蕾丝/绣品>>股线蕾丝 蕾丝/绣品>>睫毛蕾丝 蕾丝/绣品>>锦氨蕾丝 蕾丝/绣品>>流苏蕾丝 蕾丝/绣品>>网布 蕾丝/绣品>>蕾丝绣花
水印,加工服务>>印染 加工服务>>印花
鞋里布,其他面料>>箱包、鞋材料>>鞋材料
纯棉布,棉类面料>>棉布
蒸笼布,棉类面料>>棉布
北极绒，舒棉绒,呢料毛纺面料>>绒布>>北极绒 呢料毛纺面料>>绒布>>舒棉绒
果粒绒，pv绒,呢料毛纺面料>>绒布>>仿羊绒 呢料毛纺面料>>绒布>>PV绒
兔毛，pv绒刷,皮革/皮革>>皮毛 呢料毛纺面料>>绒布>>兔绒 呢料毛纺面料>>绒布>>PV绒
乱麻，高丝宝,化纤面料>>雪纺>>乱麻 化纤面料>>其他化纤面料>>仿真丝
复合丝,化纤面料>>雪纺>>复合丝雪纺 化纤面料>>其他化纤面料>>仿真丝
丝棉,辅料>>纺织填充物
网布.胶印,蕾丝/绣品>>网布 针织面料>>网布 加工服务>>压胶 加工服务>>印花
特丽纶,蕾丝/绣品>>网纱
烂花面料,棉类面料>>其他棉纺>>烂花
染色提花,无
打孔绣,加工服务>>冲孔 加工服务>>激光冲孔
沙卡,棉类面料>>纱卡
人棉皱布,化纤面料>>其他粘胶(人棉)面料
人棉贡缎,化纤面料>>其他粘胶(人棉)面料
绣花，巴厘纱,蕾丝面料>>蕾丝绣花 棉类面料>>衬衫布
竹节，麻料，,麻类面料>>其他麻纺面料>>麻料
直贡，府绸,棉类面料>>缎纹 棉类面料>>平纹布>>府绸
腰带扣，鞋眼,辅料>>服装饰品
铆钉,辅料>>服装饰品
健康布印花,棉类面料>>工装面料>>工装面料
针织经编烫金,针织面料>>其他针织面料>>烫金布
坯布,无
绸缎,丝绸/真丝面料>>欧根纱 丝绸/真丝面料>>乔其 丝绸/真丝面料>>重磅真丝 丝绸/真丝面料>>双绉 丝绸/真丝面料>>丝绒 丝绸/真丝面料>>香云纱 丝绸/真丝面料>>双乔 丝绸/真丝面料>>弹力缎 丝绸/真丝面料>>色丁 丝绸/真丝面料>>玻璃纱 丝绸/真丝面料>>蚕丝缎 丝绸/真丝面料>>锦缎 丝绸/真丝面料>>顺纡绉 丝绸/真丝面料>>真丝面料
欧根纱烂花,丝绸/真丝面料>>欧根纱
剪花、印花,无
华丽斜,化纤面料>>雪纺
针织牙签条,棉类面料>>条子布 棉类面料>>衬衫布
欧根纱烧花,丝绸/真丝面料>>欧根纱
灯芯绒印花,棉类面料>>灯芯绒
平绒印花,呢料毛纺面料>>绒布
法兰绒印花,呢料毛纺面料>>绒布>>法兰绒
绒雪纺,化纤面料>>雪纺
狐狸毛，平剪毛,皮革/皮草>>皮毛>>狐狸毛 呢料毛纺面料>>绒布>>银狐绒 呢料毛纺面料>>绒布>>割圈绒
落水毛,呢料毛纺面料>>绒布>>长毛绒
香奈儿,呢料毛纺面料>>粗纺>>粗花呢
洋呢,呢料毛纺面料>>羊绒
涤纶,化纤面料>>功能布 化纤面料>>塔丝绒 化纤面料>>水洗绒 化纤面料>>雪纺 化纤面料>>花瑶绉 化纤面料>>仿麻布 化纤面料>>其他涤纶面料
T/R，米通,化纤面料>>色丁 化纤面料>>弹力绉 化纤面料>>醋酸面料 化纤面料>>条子布 化纤面料>>人丝乔其 化纤面料>>人棉印花 化纤面料>>其他粘胶(人棉)面料 棉类面料>>衬衫布
纱罗布,棉类面料>>梭织提花
绣花、复合,加工服务>>绣花 加工服务>>复合加工
羊绒印花,呢料毛纺面料>>羊绒
米通,棉类面料>>衬衫布
工装布牛津布,化纤面料>>牛津纺>>牛津布 棉类面料>>工装面料
有弹无弹梭织,无
天丝混纺,针织面料>>其他针织面料>>天丝棉 棉类面料>>其他棉纺>>仿天丝
全棉、涤棉,棉类面料>>棉布 化纤面料>>其他涤纶面料
TR、人棉,化纤面料>>色丁 化纤面料>>弹力绉 化纤面料>>醋酸面料 化纤面料>>条子布 化纤面料>>人丝乔其 化纤面料>>人棉印花 化纤面料>>其他粘胶(人棉)面料
缝纫线,辅料>>其他编织辅料>>纱线
拷边线。织带！,辅料>>其他编织辅料>>纱线 辅料>>织带
牛筋,化纤面料>>牛津纺>>牛津布
仿平绒,呢料毛纺面料>>绒布
高密府,棉类面料>>平纹布>>府绸
天丝绒,呢料毛纺面料>>绒布 呢料毛纺面料>>其他毛纺面料
钻石麻,化纤面料>>雪纺
泡泡皱,化纤面料>>雪纺
织锦缎,丝绸/真丝面料>>锦缎
朝阳格,棉类面料>>格子布 棉类面料>>衬衫布
亚麻，黄麻,麻类面料>>亚麻布 麻类面料>>其他麻纺面料 
仿麻，麻绳,化纤面料>>仿麻布 辅料>>绳子类
沙发布，窗帘布,其他面料>>家纺>>沙发布 其他面料>>窗帘面料
全棉，涤棉,棉类面料>>棉布 化纤面料>>其他涤纶面料
围巾面料,化纤面料>>其他化纤面料>>仿真丝 丝绸/真丝面料>>真丝面料
府绸，弹力帆布,棉类面料>>其他棉纺>>帆布 棉类面料>>平纹布>>府绸
纱卡，贡缎,棉类面料>>纱卡 棉类面料>>缎纹>>贡缎
色织罗纹,针织面料>>罗纹
睫毛，绣品,蕾丝/绣品>>睫毛蕾丝 蕾丝/绣品>>绣品 蕾丝/绣品>>蕾丝绣花
色织条子,棉类面料>>条子布 棉类面料>>格子布 棉类面料>>衬衫布 化纤面料>>条子布
无纺布，无纺衬,其他面料>>无纺布 辅料>>衬布>>无纺衬
倒比例,棉类面料>>衬衫布 针织面料>>其他针织面料>>天丝棉 棉类面料>>工装面料
防晒衣,化纤面料>>功能布>>防晒
尼龙,化纤面料>>春亚纺 化纤面料>>四面弹 化纤面料>>羽绒服、棉服面料类 化纤面料>>桃皮绒 化纤面料>>牛津纺 化纤面料>>其他尼龙面料
仿记忆，,化纤面料>>羽绒服、棉服面料>>仿记忆
刮色、洗退,加工服务>>水洗 加工服务>>服装加工
涂蜡、皮膜,加工服务>>涂层
抗紫外线辐射,化纤面料>>功能布>>防晒
复合,加工服务>>复合加工
针织乱纹,针织面料>>其他针织面料
富贵格,棉类面料>>梭织提花 化纤面料>>其他化纤面料 麻类面料>>其他麻纺面料>>富贵麻
水洗棉,加工服务>>水洗 加工服务>>服务加工
 塞棉,辅料>>纺织填充物
绒,呢料毛纺面料>>绒布
罗纹，横机,针织面料>>罗纹>>罗纹 针织面料>>罗纹>>横机罗纹
弹力牛仔布,针织面料>>针织牛仔 棉类面料>>牛仔布
全棉牛仔,针织面料>>针织牛仔 棉类面料>>牛仔布
印花，烫金,加工服务>>烫金 加工服务>>印花
烫金，洒金,加工服务>>烫金
TR面料,化纤面料>>色丁 化纤面料>>弹力绉 化纤面料>>醋酸面料 化纤面料>>条子布 化纤面料>>人丝乔其 化纤面料>>人棉印花 化纤面料>>其他粘胶(人棉)面料
喷胶棉,辅料>>纺织填充物
抓毛布,棉类面料>>其他棉纺>>磨毛布 针织面料>>拉毛布
梭织铜氨丝,化纤面料>>人丝乔其
金钻绒,呢料毛纺面料>>绒布>>钻石绒
全涤印花.全棉,棉类面料>>梭织印花 化纤面料>>其他涤纶面料
龙凤呢，羊羔绒,呢料毛纺面料>>龙凤呢 呢料毛纺面料>>绒布>>羊羔绒
凤凰呢，仿羊绒,呢料毛纺面料>>绒布>>仿羊绒 呢料毛纺面料>>凤凰呢
马海绒，韩圈呢,呢料毛纺面料>>其他毛纺面料>>马海毛 呢料毛纺面料>>圈圈呢
涤棉平纹,化纤面料>>其他涤纶面料
医用布,其他面料>>窗帘面料>>医用隔帘布 其他面料>>无纺布
袖里布，色织布,化纤面料>>塔丝绒 化纤面料>>其他化纤面料>>美丽绸 化纤面料>>其他涤纶面料>>长丝 针织面料>>色织布
阳离子，提花布,化纤面料>>其他涤纶面料
斜纹桃皮绒,化纤面料>>桃皮绒
速干面料,针织面料>>弹力布>>阳离子拉架
防水面料,化纤面料>>功能布>>防水布
条纹纱,蕾丝/绣品>>网纱 其他面料>>窗帘面料 其他面料>>窗纱
锦棉罗缎,化纤面料>>其他尼龙面料
棉麻,麻类面料>>麻料混纺>>麻料混纺 麻类面料>>麻棉弹力
平纹仿记忆,化纤面料>>羽绒服、棉服面料>>仿记忆
箱包花瑶,化纤面料>>其他涤纶面料
天丝皱,化纤面料>>其他粘胶(人棉)面料
轻盈,化纤面料>>其他化纤面料>>仿真丝
提花遮光布,其他面料>>窗帘面料>>遮光布 其他面料>>窗帘面料>>半遮光
防水涂层牛津布,化纤面料>>牛津纺>>牛津布 化纤面料>>功能布>>防水布
涤棉,化纤面料>>其他涤纶面料 棉类面料>>棉类混纺
帆布，纱卡,棉类面料>>纱卡 棉类面料>>其他棉纺>>帆布
热转印烫画,加工服务>>印花>>水浆印花 加工服务>>印花>>烫画
全棉,棉类面料>>棉布
人棉,化纤面料>>其他粘胶(人棉)面料
磨毛斜纹布,针织面料>>拉毛布 棉类面料>>斜纹布
乱麻系列,化纤面料>>雪纺>>乱麻
麻棉,麻类面料>>麻料混纺>>麻料混纺 麻类面料>>麻棉弹力
仿羊絨,呢料毛纺面料>>绒布>>仿羊绒
罗文袖口,针织面料>>罗纹>>罗纹 针织面料>>罗纹>>横机罗纹
珠花领,辅料>>服装饰品>>领花 蕾丝/绣品>>绣品>>领花
螺纹下摆,针织面料>>罗纹>>罗纹 针织面料>>罗纹>>横机罗纹
天丝竹节,化纤面料>>其他粘胶(人棉)面料
斜纹四面弹,化纤面料>>四面弹
泡泡沙,棉类面料>>其他棉纺>>棉泡纱 棉类面料>>其他棉纺>>泡泡布
冰丝,针织面料>>弹力布>>莱卡布 化纤面料>>弹力布
超柔pu皮革,皮革/皮草>>PU 皮革/皮草>>皮革>>超柔皮
羽绒服,化纤面料>>羽绒服、棉服面料类
箱包料,其他面料>>箱包、鞋材料>>箱包材料
，防绒内胆布,化纤面料>>其他棉纺>>防绒内胆布
箱包网,其他面料>>箱包、鞋材料>>箱包材料 针织面料>>网布
锦安弹力网.,蕾丝/绣品>>网布 针织面料>>网布
蕾丝面,蕾丝/绣品>>普通蕾丝
广州针织、条纹,针织面料>>色织布
罗马系列,针织面料>>双面布>>罗马布
麻棉系列,麻类面料>>麻料混纺>>麻料混纺 麻类面料>>麻棉弹力
口袋色织布,棉类面料>>条子布 棉类面料>>格子布 棉类面料>>衬衫布 化纤面料>>条子布 针织面料>>色织布
印花布,针织面料>>其他针织面料>>针织印花布 棉类面料>>梭织印花 麻类面料>>其他麻纺面料>>麻布印花
人造棉胚布,化纤面料>>其他粘胶(人棉)面料
弹力灯芯绒,棉类面料>>灯芯绒
 灯芯绒印花,棉类面料>>灯芯绒
人棉灯芯绒,棉类面料>>灯芯绒
TC布,化纤面料>>其他涤纶面料 棉类面料>>棉类混纺
千鸟格呢,呢料毛纺面料>>格子呢
双面提花布,针织面料>>双面布>>双面布 针织面料>>其他针织面料>>针织提花布
扁平丝,呢料毛纺面料>>绒布
金布,针织面料>>其他针织面料>>烫金布
幻彩布,针织面料>>其他针织面料>>烫金布 其他面料>>物种面料>>镭射面料
镭射布,其他面料>>物种面料>>镭射面料
色拉姆,化纤面料>>功能布 化纤面料>>其他化纤面料
锦纶网布,化纤面料>>其他尼龙面料>>其他尼龙面料 针织面料>>网布 锦纶网布
涤纶网布,化纤面料>>其他涤纶面料>>其他涤纶面料 针织面料>>网布 蕾丝/绣品>>网布
氨纶网布,针织面料>>网布 蕾丝/绣品>>网布
大小珠片,蕾丝/绣品>>珠片绣 蕾丝/绣品>>网布>>网布珠片绣 辅料>>亮片 加工服务>>珠片绣
幻真丝,丝绸/真丝面料>>真丝面料
天丝麻,化纤面料>>其他粘胶(人棉)面料 麻类面料>>麻料混纺
芦荟棉,化纤面料>>其他涤纶面料 其他面料>>家纺
长绒棉,针织面料>>其他针织面料>>丝光棉
磨毛,棉类面料>>其他棉纺>>磨毛布 针织面料>>拉毛布>>磨毛布
条纹,棉类面料>>条子布 棉类面料>>衬衫布 化纤面料>>条子布 针织面料>>色织布
羊驼呢,呢料毛纺面料>>其他全毛面料>>羊驼毛
麻莎,化纤面料>>其他涤纶面料 其他面料>>窗纱
沙滩布,化纤面料>>桃皮绒 化纤面料>>塔丝绒>>塔丝隆
格子绒,呢料毛纺面料>>绒布 呢料毛纺面料>>格子呢
皮袢,辅料>>钮扣>>皮袢
皮拉头,辅料>>拉链头
纬编毛绒,呢料毛纺面料>>绒布
蚊帐布,针织面料>>网布 蕾丝/绣品>>网布 蕾丝/绣品>>网纱
氨编网布,针织面料>>网布 蕾丝/绣品>>网布 蕾丝/绣品>>网纱
床垫布,其他面料>>家纺
枕头布,其他面料>>家纺
记忆布,化纤面料面料>>羽绒服、棉服面料
锦棉布,化纤面料>>羽绒服、棉服面料
竹节呢,呢料毛纺面料>>其他呢料
短毛绒印花,呢料毛纺面料>>绒布>>短毛绒
高经密（机织布,无
网布刺绣花边,蕾丝/绣品>>花边 蕾丝/绣品>>网布
小提花,棉类面料>>梭织提花
 桃皮绒 ,化纤面料>>桃皮绒
春亚纺 ,化纤面料>>春亚纺
阻然,化纤面料>>功能布
涂银,化纤面料>>其他化纤面料>>涂层布 棉类面料>>其他棉纺>>涂层布 其他面料>>物种面料>>涂层面料 加工服务>>涂层
帐蓬布,其他面料>>篷布
尼龙塔丝隆,化纤面料>>塔丝绒>>塔丝隆
细旦涤塔夫,化纤面料>>羽绒服、棉服面料
双层呢,呢料毛纺面料>>其他呢料
鞋材,其他面料>>箱包、鞋材料>>鞋材料
箱包,其他面料>>箱包、鞋材料>>箱包材料
窗帘多色绣,其他面料>>窗帘面料>>绣花窗帘布
呢料绣花,呢料毛纺面料>>其他呢料>>绣花呢
男装靓仔男童,无
缎染,加工服务>>印染
扎染，,加工服务>>印染
床上用品，,其他面料>>家纺
植物羊绒,其他面料>>家纺
天丝莫代尔类,针织面料>>汗布>>莫代尔汗布 针织面料>>其他针织面料>>天丝棉 棉类面料>>其他棉纺>>仿天丝
加捻罗马布,针织面料>>双面布>>罗马布
纳米丝色织布,
细皱,棉类面料>>工装面料
仿棉汗布,针织面料>>汗布
各种后加工面料,针织面料>>其他针织面料>>烫金布 针织面料>>其他针织面料>>烫银布 针织面料>>其他针织面料>>珠片绣 棉类面料>>其他棉纺>>涂层布 棉类面料>>其他棉纺>>烂花 化纤面料>>功能布>>防晒 化纤面料>>功能布>>防水布 化纤面料>>其他化纤面料>>反光布 化纤面料>>其他化纤面料>>涂层布 皮革/皮草>>皮革>>皮革烫金 皮革/皮草>>皮革>>压花皮革 皮革/皮草>>皮革>>皮革冲孔 皮革/皮草>>水洗皮 其他面料>>特种面料>>涂层布 其他面料>>特种面料>>镭射面料 其他面料>>特种面料>>透明膜 蕾丝/绣品>>普通蕾丝>>烫金蕾丝
富丽绉,化纤面料>>其他尼龙面料>>富春纺
提花罗马布,针织面料>>双面布>>罗马布
棉盖丝,针织面料>>其他针织面料>>运动系列 针织面料>>其他针织面料>>校服系列
贾卡,蕾丝/绣品>>普通蕾丝 蕾丝/绣品>>锦棉蕾丝 蕾丝/绣品>>股线蕾丝 蕾丝/绣品>>睫毛蕾丝 蕾丝/绣品>>锦氨蕾丝 蕾丝/绣品>>流苏蕾丝 蕾丝/绣品>>网布 蕾丝/绣品>>蕾丝绣花
仿天丝牛仔,棉类面料>>其他棉纺>>仿天丝 针织面料>>针织牛仔
牛仔布印花,针织面料>>针织牛仔 棉类面料>>牛仔布
丝光面料,针织面料>>其他针织面料>>丝光棉
洗水棉,辅料>>纺织填充物
各类针织面料,针织面料>>罗纹 针织面料>>双面布 针织面料>>汗布 针织面料>>网布 针织面料>>珠地 针织面料>>针织牛仔 针织面料>>针织提花 针织面料>>拉毛布 针织面料>>粗针 针织面料>>平板布 针织面料>>空气层 针织面料>>三明治 针织面料>>卫衣布 针织面料>>其他针织面料 针织面料>>弹力布 针织面料>>彩棉针织 针织面料>>色织布
梭织乱纹,棉类面料>>其他棉纺
毛呢印花,呢料毛纺面料>>其他毛呢面料 呢料毛纺面料>>其他呢料
羊绒呢料,呢料毛纺面料>>羊绒
针织,针织面料>>罗纹 针织面料>>双面布 针织面料>>汗布 针织面料>>网布 针织面料>>珠地 针织面料>>针织牛仔 针织面料>>针织提花 针织面料>>拉毛布 针织面料>>粗针 针织面料>>平板布 针织面料>>空气层 针织面料>>三明治 针织面料>>卫衣布 针织面料>>其他针织面料 针织面料>>弹力布 针织面料>>彩棉针织 针织面料>>色织布
金奥呢,呢料毛纺面料>>粗纺>>粗纺呢料
磨毛印花布,针织面料>>拉毛布>>磨毛布 针织面料>>其他针织面料>>针织印花布
贡缎印花,棉类面料>>缎纹>>贡缎
轻盈纺,化纤面料>>其他化纤面料>>仿真丝
纸牌,辅料>>吊粒、吊牌>>吊牌
领标,辅料>>洗唛、商标
吊粒,辅料>>吊粒、吊牌
75D肤感,化纤面料面料>>羽绒服、棉服面料
全棉洗水休闲布,棉类面料>>牛仔布
素绉缎,化纤面料>>人丝乔其 化纤面料>>其他粘胶(人棉)面料
雪花绒（桃皮绒,化纤面料>>绒布>>雪花绒 化纤面料>>桃皮绒
拉架罗纹,针织面料>>罗纹
欧根纱格子,丝绸/真丝面料>>欧根纱
拉毛,棉类面料>>其他棉纺>>磨毛布 针织面料>>拉毛布>>磨毛布
洗水绉,棉类面料>>绉布
经编毛绒,呢料毛纺面料>>绒布
棉感记忆布,化纤面料面料>>羽绒服、棉服面料
烧花，提花，剪,针织面料>>其他针织面料>>针织烧花 针织面料>>针织提花 针织面料>>其他针织面料>>针织剪花 棉类面料>>梭织提花 棉类面料>>缎纹>>缎面提花 棉类面料>>其他棉纺>>剪花布 呢料毛纺面料>>粗纺 蕾丝/绣品>>普通蕾丝>>烧花蕾丝 蕾丝/绣品>>网布>>网布提花 其他面料>>窗帘面料>>提花窗帘 加工服务>>烧花
平绒布,呢料毛纺面料>>绒布
粗斜,棉类面料>>斜纹布
仿真皮毛,皮革/皮草>>仿皮
高丝宝,化纤面料>>其他化纤面料>>仿真丝
针织韩国麻,化纤面料>>雪纺>>韩国麻
半光涤纶春亚纺,化纤面料>>春亚纺 化纤面料>>其他涤纶面料
涂层春亚纺,化纤面料>>春亚纺 化纤面料>>其他涤纶面料
薄料牛仔,针织面料>>针织牛仔 棉类面料>>牛仔布
剪花牛仔,针织面料>>针织牛仔 棉类面料>>牛仔布
无弹力牛仔,针织面料>>针织牛仔 棉类面料>>牛仔布
特殊针织布,无
方格毛呢,呢料毛纺面料>>格子呢
记忆消光布,化纤面料>>羽绒服、棉服面料
工艺面料,针织面料>>其他针织面料>>烫金布 针织面料>>其他针织面料>>烫银布 针织面料>>其他针织面料>>珠片绣 棉类面料>>其他棉纺>>涂层布 棉类面料>>其他棉纺>>烂花 化纤面料>>功能布>>防晒 化纤面料>>功能布>>防水布 化纤面料>>其他化纤面料>>反光布 化纤面料>>其他化纤面料>>涂层布 皮革/皮草>>皮革>>皮革烫金 皮革/皮草>>皮革>>压花皮革 皮革/皮草>>皮革>>皮革冲孔 皮革/皮草>>水洗皮 其他面料>>特种面料>>涂层布 其他面料>>特种面料>>镭射面料 其他面料>>特种面料>>透明膜 蕾丝/绣品>>普通蕾丝>>烫金蕾丝
三明治 ,针织面料>>三明治
弹力网,针织面料>>网布 蕾丝/绣品>>网布
棉麻粗纺,麻类面料>>麻料混纺>>麻料混纺 麻类面料>>麻棉弹力
棉麻水洗布,麻类面料>>麻料混纺>>麻料混纺 麻类面料>>麻棉弹力
仿麻,化纤面料>>仿麻布
牛奶丝网布,针织面料>>网布 针织面料>>珠地 蕾丝/绣品>>网布
多色绣花,蕾丝/绣品>>花边 蕾丝/绣品>>蕾丝绣花
绣花花边,蕾丝/绣品>>花边
铜氨人丝,丝绸/真丝面料>>顺纡绉 化纤面料>>人丝乔其
锦棉单孔丝,化纤面料>>仿麻布
超柔银狐绒,呢料毛纺面料>>绒布>>超柔、银狐绒
沙发面料,其他面料>>家纺>>沙发布
割绒面料,其他面料>>地毯>>割绒
双层棉,棉类面料>>棉布 棉类面料>>其他棉纺
记忆布，棉布,棉类面料>>棉类混纺 化纤面料>>其他化纤面料>>风衣布 化纤面料面料>>羽绒服、棉服面料
罗缎，贡缎,棉类面料>>其他棉纺>>罗缎 棉类面料>>缎纹>>贡缎
胆布,化纤面料>>羽绒服、棉服面料>>涤塔夫
交织棉，春亚纺,化纤面料>>春亚纺 棉类面料>>棉类混纺
新奥呢,呢料毛纺面料>>圈圈呢 呢料毛纺面料>>羊绒
涤棉，全棉,棉类面料>>棉布 棉类面料>>棉类混纺
提花麻布,麻类面料>>其他麻纺面料
鸡眼，四合扣,辅料>>钮扣>>四合扣 辅料>>服装饰品>>气眼
圈环五金,辅料>>服装饰品>>金属环
制服呢，华达呢,呢料毛纺面料>>华达呢
罗尔呢，平纹,棉类面料>>工装面料>>罗尔呢
绳子，木扣,辅料>>钮扣 辅料>>绳子类
木珠，木珠提手,辅料>>服装饰品
线绳，手提袋绳,辅料>>服装饰品
刺绣，织带,辅料>>织带 加工服务>>绣花 加工服务>>珠片绣 加工服务>>毛巾绣 加工服务>>盘带绣
拉头，拉链，线,辅料>>拉链 辅料>>拉链头 辅料>>绳子类 辅料>>线类
男包五金,辅料>>服装饰品
等各种辅料！,无
鞋扣，鞋花,辅料>>钮扣 辅料>>服装饰品
帽钉,辅料>>其他纺织辅料
松紧带，尼龙带,辅料>>松紧带 辅料>>其他带子类
棉带，pp带,辅料>>织带 辅料>>其他带子 辅料>>绳子类
线，粘扣,辅料>>线类 辅料>>绳子类 辅料>>魔术贴
丝绸， 化纤,化纤面料>>春亚纺 化纤面料>>四面弹 化纤面料>>羽绒服、棉服面料类 化纤面料>>桃皮绒 化纤面料>>牛津纺 化纤面料>>塔丝绒 化纤面料>>水洗绒 化纤面料>>雪纺 化纤面料>>花瑶绉 化纤面料>>仿麻布 化纤面料>>色丁 化纤面料>>弹力绉 化纤面料>>醋酸面料 化纤面料>>条子布 化纤面料>>人比乔其 化纤面料>>人棉印花
里料;,化纤面料>>色丁 化纤面料>>羽绒服、棉服面料>>涤塔夫
化纤，里布,化纤面料>>春亚纺 化纤面料>>四面弹 化纤面料>>羽绒服、棉服面料类 化纤面料>>桃皮绒 化纤面料>>牛津纺 化纤面料>>塔丝绒 化纤面料>>水洗绒 化纤面料>>雪纺 化纤面料>>花瑶绉 化纤面料>>仿麻布 化纤面料>>色丁 化纤面料>>弹力绉 化纤面料>>醋酸面料 化纤面料>>条子布 化纤面料>>人比乔其 化纤面料>>人棉印花
染色、印花、,加工服务>>印染 加工服务>>印花
网布，经编,针织面料>>网布 蕾丝/绣品>>网布
纱网,蕾丝/绣品>>网纱 其他面料>>窗纱
箱包，五金,其他面料>>箱包、鞋材料>>箱包材料 辅料>>服装饰品
配件,辅料>>服装饰品
贝斯,皮革/皮草>>PU 皮革/皮草>>皮革
织带，双紧带,辅料>>织带 辅料>>松紧带
成品织带,辅料>>织带
高密仿真丝,化纤面料>>其他化纤面料>>仿真丝
箱包，织带,其他面料>>箱包、鞋材料>>箱包材料 辅料>>织带
标牌,辅料>>吊粒、吊牌>>吊牌
滴塑，烫金,加工服务>>烫金 加工服务>>滴塑
压金，金银粉,加工服务>>压花 加工服务>>压胶 加工服务>>烫金
洒金，洒片,加工服务>>烫金
平板布，楼梯布,针织面料>>平板布 针织面料>>双面布>>楼梯布
乱麻，罗纹布,化纤面料>>雪纺>>乱麻 针织面料>>罗纹
蕾丝，花边,蕾丝/绣品>>普通蕾丝 蕾丝/绣品>>花边 蕾丝/绣品>>网布 蕾丝/绣品>>水溶 蕾丝/绣品>>网纱 蕾丝/绣品>>锦棉蕾丝 蕾丝/绣品>>股线蕾丝 蕾丝/绣品>>睫毛蕾丝 蕾丝/绣品>>牛奶丝绣花 蕾丝/绣品>>蕾丝复合 蕾丝/绣品>>锦氨蕾丝 蕾丝/绣品>>流苏蕾丝 蕾丝/绣品>>满幅(幅花) 蕾丝/绣品>>涤光丝 蕾丝/绣品>>睫毛蕾丝 蕾丝/绣品>>蕾丝绣花
双面羊呢,呢料毛纺面料>>双面呢 呢料毛纺面料>>羊绒
大斜纹,棉类面料>>斜纹布
毛绒PU复合,皮革/皮草>>皮革>>皮革复合 皮革/皮草>>皮革>>植绒皮革
耐洗水.,无
多丽丝印花,化纤面料>>雪纺>>多丽丝
化纤，印花,化纤面料>>春亚纺 化纤面料>>四面弹 化纤面料>>羽绒服、棉服面料类 化纤面料>>桃皮绒 化纤面料>>牛津纺 化纤面料>>塔丝绒 化纤面料>>水洗绒 化纤面料>>雪纺 化纤面料>>花瑶绉 化纤面料>>仿麻布 化纤面料>>色丁 化纤面料>>弹力绉 化纤面料>>醋酸面料 化纤面料>>条子布 化纤面料>>人比乔其 化纤面料>>人棉印花
双面弹力,针织面料>>弹力布 棉类面料>>弹力布 麻类面料>>麻棉弹力 丝绸/真丝面料>>弹力缎 化纤面料>>四面弹
三明治，网布,针织面料>>三明治 针织面料>>网布 蕾丝/绣品>>网布
鞋材，箱包,其他面料>>箱包、鞋材料>>鞋材料 其他面料>>箱包、鞋材料>>箱包材料
鞋材，罗口,其他面料>>箱包、鞋材料>>鞋材料 针织面料>>罗纹>>横机罗纹
毛线鞋帮,其他面料>>箱包、鞋材料>>鞋材料
箱包，辅料,其他面料>>箱包、鞋材料>>箱包材料
拉链，拉头,辅料>>拉链 辅料>>拉链头
五金,辅料>>服装饰品
网纱等,蕾丝/绣品>>网纱
阳离子提花,针织面料>>弹力布>>阳离子拉架 化纤面料>>其他涤纶面料
金狐绒,针织面料>>卫衣布>>卫衣布 化纤面料>>其他涤纶面料 棉类面料>>棉类混纺
梭织提花剪花,棉类面料>>梭织提花 棉类面料>>其他棉纺>>剪花布
T恤配色领布,无
大提花,针织面料>>针织提花 棉类面料>>梭织提花
各类涤纶印花布,化纤面料>>功能布 化纤面料>>塔丝绒 化纤面料>>水洗绒 化纤面料>>雪纺 化纤面料>>花瑶绉 化纤面料>>仿麻布 化纤面料>>其他涤纶面料
韩彩呢,呢料毛纺面料>>羊绒 呢料毛纺面料>>圈圈呢
酒店布草,其他面料>>家纺
登山服面料,化纤面料>>其他化纤面料>>登山布
斜纹泡泡布,针织面料>>针织提花>>泡泡布 棉类面料>>其他棉纺>>泡泡布
各类毛绒,呢料毛纺面料>>绒布
尼龙亮光布,化纤面料>>其他尼龙面料
尼龙牛津布,化纤面料>>牛津纺>>牛津布
涤氨纶弹力印花布,针织面料>>汗布>>高弹尼龙氨纶汗布
梭织品,无
9040,无
金雕绒,呢料毛纺面料>>绒布>>金貂绒
锦纶四面弹复合,化纤面料>>其他化纤面料
人子麻,麻类面料>>其他麻纺面料
奥代尔,针织面料>>汗布>>奥代尔汗布 针织面料>>其他针织面料>>奥代尔针织
各种中高端绒布,呢料毛纺面料>>针织毛呢 呢料毛纺面料>>绒布
遮光窗帘,其他面料>>窗帘面料>>遮光布 其他面料>>窗帘面料>>半遮光
睫毛,蕾丝/绣品>>睫毛蕾丝
绉花缎,化纤面料>>色丁 化纤面料>>弹力绉 化纤面料>>雪纺 化纤面料>>人丝乔其 化纤面料>>人棉印花 化纤面料>>其他粘胶(人棉)面料 化纤面料>>其他化纤面料>>仿真丝
竹节丝弹力布,化纤面料>>其他涤纶面料
针织亮丝布,针织面料>>其他针织面料>>金银丝
弹力棉布,棉类面料>>弹力布
水溶花边,蕾丝/绣品>>花边 蕾丝/绣品>>水溶
棉线满幅,蕾丝/绣品>>满幅(幅花)
富贵纺,化纤面料>>其他尼龙面料
锦棉纬弹,化纤面料>>羽绒服、棉服面料
网纱烫金,蕾丝/绣品>>网纱
锦棉双层,化纤面料>>羽绒服、棉服面料
扎染,加工服务>>印染
色布定染,加工服务>>印染
水刺无纺布,其他面料>>无纺布
网眼太空层,针织面料>>空气层>>太空层
格子里布,化纤面料>>塔丝绒 化纤面料>>其他化纤面料>>美丽绸 化纤面料>>其他涤纶面料>>长丝
提花棉绸,化纤面料>>其他粘胶(人棉)面料
竹节棉,棉类面料>>棉布
全棉染色,棉类面料>>棉布
男女童套装料,无
全涤斜纹布,化纤面料>>其他涤纶面料
毛绒布,呢料毛纺面料>>绒布
真羊毛,呢料毛纺面料>>羊绒
窗帘,其他面料>>窗帘面料
沙丁布,化纤面料>>色丁
加捻针织乱麻,化纤面料>>雪纺>>乱麻
单线格,棉类面料>>格子布
锦涤磨丝,化纤面料>>桃皮绒 化纤面料>>色丁
绒感记忆布,化纤面料面料>>羽绒服、棉服面料
双线格,棉类面料>>格子布
锦纶布,化纤面料>>春亚纺 化纤面料>>四面弹 化纤面料>>羽绒服、棉服面料类 化纤面料>>桃皮绒 化纤面料>>牛津纺 化纤面料>>其他尼龙面料
泡泡纱印花,棉类面料>>其他棉纺>>棉泡纱 棉类面料>>其他棉纺>>泡泡布
自动间,棉类面料>>条子布 棉类面料>>衬衫布 化纤面料>>条子布 针织面料>>色织布
箱包面料,其他面料>>箱包、鞋材料>>箱包材料
高丽纱,化纤面料>>雪纺>>高丽纱
韩国斜,化纤面料>>雪纺>>佳丽斜
棉衣羽绒夹克系,化纤面料>>羽绒服、棉服面料
纯天丝天丝麻,化纤面料>>其他粘胶(人棉)面料 麻类面料>>麻料混纺
化纤,化纤面料>>春亚纺 化纤面料>>四面弹 化纤面料>>羽绒服、棉服面料类 化纤面料>>桃皮绒 化纤面料>>牛津纺 化纤面料>>塔丝绒 化纤面料>>水洗绒 化纤面料>>雪纺 化纤面料>>花瑶绉 化纤面料>>仿麻布 化纤面料>>色丁 化纤面料>>弹力绉 化纤面料>>醋酸面料 化纤面料>>条子布 化纤面料>>人比乔其 化纤面料>>人棉印花
双面尼,呢料毛纺面料>>双面呢
双层四面弹,化纤面料>>四面弹
泡泡麻,化纤面料>>雪纺
真丝麻印花,化纤面料>>雪纺
欧时立,无
羊绒呢,呢料毛纺面料>>羊绒
竹节面料,针织面料>>针织牛仔>>竹节牛仔 针织面料>>汗布>>竹节汗布 针织面料>>粗针>>粗针竹节 针织面料>>其他针织面料>>针织竹节
人丝涤粘,化纤面料>>人丝乔其 化纤面料>>其他粘胶(人棉)面料
莫代尔,针织面料>>汗布>>莫代尔汗布
欧丽丝,丝绸/真丝面料>>欧根纱
四面弹，牛奶丝,化纤面料>>四面弹 针织面料>>其他针织面料>>牛奶丝
真丝乔绒,丝绸/真丝面料>>丝绒
专营高档金丝绒,呢料毛纺面料>>绒布>>金丝绒
绒布印花,呢料毛纺面料>>绒布
细斜印花布,针织面料>>其他针织面料>>针织印花布 棉类面料>>梭织印花 麻类面料>>其他麻纺面料>>麻布印花
防静电布,其他面料>>特种面料>>抗静电布
牛仔洗水,针织面料>>针织牛仔 棉类面料>>牛仔布
玛海绒,呢料毛纺面料>>绒布>>仿羊绒 呢料毛纺面料>>绒布>>金貂绒
乐丽丝,化纤面料>>仿麻布
蕾丝刺毛,蕾丝/绣品>>蕾丝复合 蕾丝/绣品>>锦氨蕾丝
帽绳,辅料>>服装饰品 辅料>>钮扣
新型纤维产品,化纤面料>>其他化纤面料
针织双层布,针织面料>>空气层>>健康布
假毛,皮革/皮草>>人造毛
功能性面料,化纤面料>>功能布>>防晒 化纤面料>>功能布>>防水布 化纤面料>>其他化纤面料>>反光布 化纤面料>>其他化纤面料>>涂层布 其他面料>>特种面料>>涂层布 其他面料>>特种面料>>镭射面料 其他面料>>特种面料>>透明膜
针织复合布,针织面料>>其他针织面料>>针织复合面料
梭织复合布,棉类面料>>其他棉纺 蕾丝/绣品>>蕾丝复合
硅胶滴塑,加工服务>>滴塑
特宽滴塑,加工服务>>滴塑
防滑布料,加工服务>>滴塑
天丝系列环保,针织面料>>其他针织面料>>天丝棉 棉类面料>>其他棉纺>>仿天丝 化纤面料>>其他粘胶(人棉)面料
新款风衣系列,化纤面料>>其他化纤面料>>风衣面料
卷曲绒,呢料毛纺面料>>绒布>>气蒸绒 呢料毛纺面料>>绒布>>泰迪绒 呢料毛纺面料>>绒布>>仿羊绒 呢料毛纺面料>>绒布>>奥羊绒
雪丝绒,呢料毛纺面料>>绒布>>长毛绒
亚呢,无
烟花绒,呢料毛纺面料>>绒布>>长毛绒
羊羔毛大球,呢料毛纺面料>>绒布>>羊羔绒
羊羔毛中球,呢料毛纺面料>>绒布>>羊羔绒
羊剪绒,皮革/皮草>>人造毛>>皮毛一体 呢料毛纺面料>>绒布>>泰迪绒
针织拉绒,针织面料>>拉毛布>>拉毛布
针织牛百叶,针织面料>>其他针织面料
针织泡泡麻,化纤面料>>雪纺
单面顺毛,呢料毛纺面料>>顺毛呢
弹力牛津布,化纤面料>>牛津纺>>牛津布
防水牛津布,化纤面料>>牛津纺>>牛津布 化纤面料>>功能布>>防水布
防水透气面料,化纤面料>>功能布>>防水布 化纤面料>>牛津纺 棉类面料>>工装面料 化纤面料>>其他化纤面料>>冲锋衣面料 化纤面料>>其他化纤面料>>登山布
雪来呢,呢料毛纺面料>>其他呢料>>其他呢料
亚光绸缎,丝绸/真丝面料>>欧根纱 丝绸/真丝面料>>乔其 丝绸/真丝面料>>重磅真丝 丝绸/真丝面料>>双绉 丝绸/真丝面料>>丝绒 丝绸/真丝面料>>香云纱 丝绸/真丝面料>>双乔 丝绸/真丝面料>>弹力缎 丝绸/真丝面料>>色丁 丝绸/真丝面料>>玻璃纱 丝绸/真丝面料>>蚕丝缎 丝绸/真丝面料>>锦缎 丝绸/真丝面料>>顺纡绉 丝绸/真丝面料>>真丝面料
印花底布,针织面料>>其他针织面料>>针织印花布 棉类面料>>梭织印花 麻类面料>>其他麻纺面料>>麻布印花
梭织麂皮绒,皮革/皮草>>麂皮绒
烫金皮革,皮革/皮草>>皮革>>皮革烫金
发达的,无
回家,无
合法的教科书,无
符合当时房价开,无
山东师范大幅度,无
规律,无
vvv,无
滚滚滚,无
刚刚给我,无
不过,无
高规格,无
高规格最高,无
赤果果,无
唱唱歌,无
防风钩,辅料>>其他编织辅料>>衣架
韩国人,无
印花工艺系列,加工服务>>印花
棉麻竹节,麻类面料>>麻料混纺>>麻料混纺 麻类面料>>麻棉弹力
婚纱面里料,棉类面料>>缎纹>>贡缎 丝绸/真丝面料>>色丁 化纤面料>>色丁
真丝绒,丝绸/真丝面料>>丝绒
沙发,其他面料>>家纺>>沙发布
u 家,无
华国锋,无
斜纹全棉布,棉类面料>>斜纹布
绗绣布 点缀布,针织面料>>绗绣面料
哥弟纹,针织面料>>其他针织面料>>哥弟布
常州牛仔格子底,针织面料>>针织牛仔 棉类面料>>牛仔布
水貂绒印花,呢料毛纺面料>>绒布>>水貂绒
牛仔,针织面料>>针织牛仔 棉类面料>>牛仔布
斜纹弹力,棉类面料>>斜纹布 棉类面料>>弹力布
赛洛纺,针织面料>>针织牛仔>>仿牛仔
莫代尔砂洗,针织面料>>汗布>>莫代尔汗布
各类高仿毛线,无
棉花,辅料>>纺织填充物
夏布,无
色织条,棉类面料>>条子布 棉类面料>>衬衫布 化纤面料>>条子布 针织面料>>色织布
牛仔条,针织面料>>针织牛仔 棉类面料>>牛仔布
蕾丝布面,蕾丝/绣品>>普通蕾丝
化纤类数码印花,化纤面料>>其他化纤面料
拉毛布、仿羊绒,针织面料>>拉毛布 呢料毛纺面料>>绒布>>仿羊绒
羽毛纱,辅料>>其他编织辅料>>纱线
铜氨丝,化纤面料>>人丝乔其
人造丝,化纤面料>>人丝乔其
人棉莫代尔,化纤面料>>其他粘胶(人棉)面料 针织面料>>汗布>>莫代尔汗布
热熔丝,辅料>>其他编织辅料>>纱线
3D打印丝,辅料>>其他编织辅料>>纱线
棉类仿混交织,棉类面料>>棉类混纺
聚酯纤维,化纤面料>>功能布 化纤面料>>塔丝绒 化纤面料>>水洗绒 化纤面料>>雪纺 化纤面料>>花瑶绉 化纤面料>>仿麻布 化纤面料>>其他涤纶面料
针织迷彩印花,针织面料>>其他针织面料>>针织印花布
洗水定型工艺,加工服务>>水洗 加工服务>>定型
设计男装印花,无
床上用品,其他面料>>家纺
酒店用品,其他面料>>家纺
床上用品布,其他面料>>家纺
酒店用品布,其他面料>>家纺
植绒布,针织面料>>其他针织面料>>针织植绒 棉类面料>>梭织植绒 呢料毛纺面料>>其他呢料>>植绒呢 蕾丝/绣品>>网布>>网布植绒 皮革/皮草>>皮革>>植绒皮革
床品面料,其他面料>>家纺
广告,其他面料>>PVC
远方的,无
韩国,无
1,无
2,无
春亚纺1米8,化纤面料>>春亚纺
牛仔印花,针织面料>>针织牛仔 棉类面料>>牛仔布
水洗牛仔,针织面料>>针织牛仔 棉类面料>>牛仔布
test,无
法拉绒,针织面料>>卫衣布>>拉架卫衣
四明,无
四面体,化纤面料>>四面弹
皮革手提包,皮革/皮草>>皮革
舒棉绒染色,呢料毛纺面料>>绒布>>舒棉绒
珊瑚绒印花,呢料毛纺面料>>绒布>>珊瑚绒
呢子,呢料毛纺面料>>其他呢料
名族布,棉类面料>>梭织提花
毛纺类,呢料毛纺面料>>双面呢 呢料毛纺面料>>单面呢 呢料毛纺面料>>羊绒 呢料毛纺面料>>其他全毛面料 呢料毛纺面料>>顺毛呢 呢料毛纺面料>>凤凰呢 呢料毛纺面料>>龙凤呢 呢料毛纺面料>>圈圈呢 呢料毛纺面料>>印花呢料 呢料毛纺面料>>针织毛呢 呢料毛纺面料>>其他毛呢面料 呢料毛纺面料>>其他毛纺面料
呵呵,无
针织罗纹,针织面料>>罗纹
棉麻混纺,麻类面料>>麻料混纺>>麻料混纺
机顶盒,无
织料,无
电源,无
商标,辅料>>洗唛、商标
胶袋,无
印花双层纱布,棉类面料>>棉布 棉类面料>>梭织印花
风衣料,化纤面料>>其他化纤面料>>风衣面料
螺纹,针织面料>>罗纹
斜桃 平桃,化纤面料>>桃皮绒
gtx面料,化纤面料>>其他化纤面料>>冲锋衣面料 化纤面料>>其他化纤面料>>登山布
单面棉类,棉类面料>>棉布 棉类面料>>其他棉纺
麂皮绒，灯心绒,皮革/皮草>>麂皮绒 棉类面料>>灯芯绒
棉麻交织,麻类面料>>麻料混纺>>麻料混纺
全棉印花染色,棉类面料>>梭织印花 棉类面料>>棉布 棉类面料>>其他棉纺
T/C印花染色,化纤面料>>其他涤纶面料 棉类面料>>棉类混纺
人棉系列,化纤面料>>其他粘胶(人棉)面料
麻布,麻类面料>>其他麻纺面料>>麻料
真丝 桑蚕丝,丝绸/真丝面料>>真丝面料 丝绸/真丝面料>>蚕丝缎
精棉健康布,棉类面料>>工装面料>>工装面料
复合料,针织面料>>其他针织面料>>针织复合面料 呢料毛纺面料>>绒布>>仿超柔复合 化纤面料>>雪纺>>复合丝雪纺 蕾丝/绣品>>蕾丝复合 皮革/皮草>>皮革>>皮革复合 皮革/皮草>>麂皮绒>>麂皮绒复合 皮革/皮草>>人造毛>>复合皮毛
高档装饰毛绒,呢料毛纺面料>>绒布
像筋,辅料>>松紧带>>橡筋
斜文布,棉类面料>>斜纹布
色丁料,针织面料>>其他针织面料>>针织色丁 丝绸/真丝面料>>色丁>>色丁 化纤面料>>色丁>>色丁 辅料>>织带>>色丁带
缝纫线,辅料>>线类
功能性针织,针织面料>>其他针织面料>>运动系列 针织面料>>其他针织面料>>校服系列
机械设备,无
奥黛尔纯棉,针织面料>>汗布>>奥代尔汗布 针织面料>>汗布>>全棉汗布
竹节,针织面料>>针织牛仔>>竹节牛仔 针织面料>>汗布>>竹节汗布 针织面料>>粗针>>粗针竹节 针织面料>>其他针织面料>>针织竹节
飞织鞋面,其他面料>>箱包、鞋材料>>鞋材料 其他面料>>飞织布
全棉奥代尔,针织面料>>汗布>>奥代尔汗布 针织面料>>其他针织面料>>奥代尔针织
全棉卫衣布,针织面料>>卫衣布
夹心棉,辅料>>纺织填充物
羽绒服棉服布料,化纤面料>>羽绒服、棉服面料类
运动服面料,针织面料>>其他针织面料>>运动系列 针织面料>>其他针织面料>>校服系列
医护面料,其他面料>>窗帘面料>>医用隔帘布 其他面料>>无纺布
菠萝麻,化纤面料>>其他涤纶面料 棉类面料>>棉类混纺
色丁变色龙,化纤面料>>色丁>>色丁
亮片绣,辅料>>亮片
爱兰麻丶一品麻,化纤面料>>雪纺>>乱麻 化纤面料>>其他化纤面料>>仿真丝
彩云斜丶仿棉,化纤面料>>人棉印花 化纤面料>>其他化纤面料 棉类面料>>梭织印花
印刷工艺品,加工服务>>印花
四件套。枕芯。,其他面料>>家纺
绗棉,针织面料>>其他针织面料>>绗绣面料
全棉条子纱罗,棉类面料>>条子布 棉类面料>>衬衫布
全棉纱罗提花条,棉类面料>>条子布 棉类面料>>衬衫布
针织破洞,针织面料>>其他针织面料
旗，奖章奖牌,辅料>>布贴>>绣花章 辅料>>服装饰品
全棉布,棉类面料>>棉布
志愿者义工复合,化纤面料>>春亚纺
hdhd,无
扎染面料,针织面料>>汗布 棉类面料>>其他棉纺 麻类面料>>其他麻纺面料
胶带,辅料>>其他带子类
面料样本，挂卡,无
圆橡筋绳,辅料>>松紧带>>橡筋
尼龙绳,辅料>>绳子类
金线,辅料>>线类
pvc全胶料,其他面料>>PVC
格利特,皮革/皮草>>仿皮
tpu,其他面料>>TPU材料 辅料>>其他带子类>>TPU
珠片,蕾丝/绣品>>珠片绣 辅料>>亮片
牛膜王,无
无纺麂皮绒,皮革/皮草>>麂皮绒
荧光布,化纤面料>>其他化纤面料 棉类面料>>其他棉纺面料
卡类,其他面料>>PVC
正品,无
竹节斜纹,针织面料>>针织牛仔>>竹节牛仔 针织面料>>汗布>>竹节汗布 针织面料>>粗针>>粗针竹节 针织面料>>其他针织面料>>针织竹节
排间拉架平纹,针织面料>>色织布>>针织间条 针织面料>>弹力布>>棉拉架印花布 棉类面料>>平纹布>>平纹布
自由间拉架平纹,针织面料>>色织布>>针织间条 针织面料>>弹力布>>棉拉架印花布 棉类面料>>平纹布>>平纹布
排间拉架卫衣,针织面料>>色织布>>针织间条 针织面料>>卫衣>>拉架卫衣
鱼池过滤器,其他面料>>无纺布
尼龙弹力布,化纤面料>>四面弹
铜氨针织,针织面料>>汗布>>汗布
出口塑料衣架,辅料>>其他编织辅料>>衣架
电芯电池,无
亮光涤塔夫,化纤面料>>羽绒服、棉服面料>>涤塔夫
横纹布,针织面料>>针织提花>>坑条布 针织面料>>粗针>>粗针抽条 棉类面料>>灯芯绒
皮质美容强化,无
单孔丝,化纤面料>>仿麻布
乱纹,针织面料>>其他针织面料 棉类面料>>其他棉纺
竹节毛圈布,针织面料>>卫衣布>>毛圈布
3D麻,化纤面料>>雪纺>>乱麻
涤棉水洗布,化纤面料>>水洗绒 化纤面料>>其他涤纶面料
高丽纱印花,化纤面料>>雪纺>>高丽纱
高密春亚纺,化纤面料>>春亚纺
蕾丝珠片绣,蕾丝/绣品>>珠片绣 蕾丝/绣品>>蕾丝绣花
PU涂层牛津纺,化纤面料>>牛津纺>>牛津布
油光布,化纤面料>>羽绒服、棉服面料
尼丝纺亮光膜,化纤面料>>羽绒服、棉服面料>>尼丝纺
TR女装面料,化纤面料>>色丁 化纤面料>>弹力绉 化纤面料>>醋酸面料 化纤面料>>条子布 化纤面料>>人丝乔其 化纤面料>>人棉印花 化纤面料>>其他粘胶(人棉)面料
全涤四面弹,化纤面料>>四面弹
猪片秀,蕾丝/绣品>>珠片绣
瑜伽面料,针织面料>>弹力布>>莱卡布 棉类面料>>弹力布 麻类面料>>麻棉弹力 丝绸/真丝面料>>弹力缎 化纤面料>>四面弹
运动面料,针织面料>>其他针织面料>>运动系列 针织面料>>其他针织面料>>校服系列 针织面料>>弹力布>>莱卡布 棉类面料>>弹力布 麻类面料>>麻棉弹力 丝绸/真丝面料>>弹力缎 化纤面料>>四面弹
男装中高端面料,无
氨纶超柔,呢料毛纺面料>>绒布>>短毛绒
布料加工,加工服务>>服装加工
帆布，棉布,棉类面料>>纱卡 棉类面料>>棉布
拉架，氨纶汗布,针织面料>>汗布>>高弹尼龙氨纶汗布
平绒产品,呢料毛纺面料>>绒布
各类面料服务,无
各种棉类,棉类面料>>平纹布 棉类面料>>斜纹布 棉类面料>>缎纹 棉类面料>>格子布 棉类面料>>纱卡 棉类面料>>破卡 棉类面料>>牛仔布 棉类面料>>灯芯绒 棉类面料>>梭织植绒 棉类面料>>梭织印花 棉类面料>>绉布 棉类面料>>弹力布 棉类面料>>棉布 棉类面料>>卡其布 棉类面料>>衬衫布 棉类面料>>抗绉布 棉类面料>>工装面料 棉类面料>>其他棉纺面料 棉类面料>>棉类混纺
棉被,无
罗纹，罗拉,针织面料>>罗纹 针织面料>>弹力布
牛仔布，印花布,针织面料>>针织牛仔 棉类面料>>牛仔布 针织面料>>其他针织面料>>针织印花布 棉类面料>>梭织印花 麻类面料>>其他麻纺面料>>麻布印花
男装休闲裤料,棉类面料>>斜纹布 棉类面料>>弹力布 化纤面料>>其他粘胶(人棉)面料
亚纱的、色丁,针织面料>>其他针织面料>>针织色丁 丝绸/真丝面料>>色丁>>色丁 化纤面料>>色丁>>色丁
雪纺高级斜纹里,化纤面料>>雪纺
柯根纱,丝绸/真丝面料>>欧根纱
针织净色 条子,棉类面料>>条子布 棉类面料>>格子布 棉类面料>>衬衫布 化纤面料>>条子布
单面布 双面布,针织面料>>双面布 针织面料>>其他针织面料>>单面布
雪纺时装呢料,化纤面料>>雪纺 呢料毛纺面料>>针织毛呢>>时装呢
罗马印花,针织面料>>双面布>>罗马布
PP织带,辅料>>织带 辅料>>其他带子类
自设工厂,无
褶皱面料,化纤面料>>羽绒服、棉服面料>>尼龙皱 麻类面料>>绉布 化纤面料>>顺纡绉 化纤面料>>弹力绉 化纤面料>>巴黎绉
布料,无
各种时尚针织,针织面料>>罗纹 针织面料>>双面布 针织面料>>汗布 针织面料>>网布 针织面料>>珠地 针织面料>>针织牛仔 针织面料>>针织提花 针织面料>>拉毛布 针织面料>>粗针 针织面料>>平板布 针织面料>>空气层 针织面料>>三明治 针织面料>>卫衣布 针织面料>>其他针织面料 针织面料>>弹力布 针织面料>>彩棉针织 针织面料>>色织布
服装辅料,辅料>>服装饰品
0.5公分纱,针织面料>>网布>>美国网 蕾丝/绣品>>网纱
面辅料管理软件,无
针织梭织面料,无
定制布,无
全棉纱卡,棉类面料>>纱卡
棉布绣花布,蕾丝/绣品>>棉布绣花
五金配件,辅料>>服装饰品
貂毛,皮革/皮草>>皮毛
金貂毛,皮革/皮草>>皮毛
荧光旗布,化纤面料>>其他化纤面料 棉类面料>>其他棉纺面料
各种面料及印花,针织面料>>其他针织面料>>针织印花布 针织面料>>弹力布>>棉拉架印花布 棉类面料>>梭织印花 麻类面料>>其他麻纺面料>>麻布印花
弹力竹节,针织面料>>针织牛仔>>竹节牛仔 针织面料>>汗布>>竹节汗布 针织面料>>粗针>>粗针竹节 针织面料>>其他针织面料>>针织竹节
针织经编提花,针织面料>>针织提花 棉类面料>>梭织提花
涤纶印花底布,化纤面料>>功能布 化纤面料>>塔丝绒 化纤面料>>水洗绒 化纤面料>>雪纺 化纤面料>>花瑶绉 化纤面料>>仿麻布 化纤面料>>其他涤纶面料
魔术贴，弹力扣,辅料>>魔术贴 辅料>>扣子
羊毛粗纺类,呢料毛纺面料>>羊绒 呢料毛纺面料>>粗纺
风衣时装面料,化纤面料>>其他化纤面料>>风衣面料
冲锋衣，羽绒服,化纤面料>>羽绒服、棉服面料类 化纤面料>>其他化纤面料>>冲锋衣面料
直弹提花,针织面料>>弹力布 棉类面料>>弹力布 麻类面料>>麻棉弹力 棉类面料>>梭织提花 针织面料>>针织提花
华达尼,呢料毛纺面料>>华达呢
全棉布料,棉类面料>>棉布
麻布彩色植绒,麻类面料>>其他麻纺面料
服装类辅料,辅料>>服装饰品
泡泡,化纤面料>>雪纺 棉类面料>>其他棉纺>>棉泡纱 棉类面料>>其他棉纺>>泡泡布
牛奶丝磨毛,针织面料>>其他针织面料>>牛奶丝
绒料，时尚面料,呢料毛纺面料>>绒布
中高档针织面料,针织面料>>罗纹 针织面料>>双面布 针织面料>>汗布 针织面料>>网布 针织面料>>珠地 针织面料>>针织牛仔 针织面料>>针织提花 针织面料>>拉毛布 针织面料>>粗针 针织面料>>平板布 针织面料>>空气层 针织面料>>三明治 针织面料>>卫衣布 针织面料>>其他针织面料 针织面料>>弹力布 针织面料>>彩棉针织 针织面料>>色织布
棉锦,针织面料>>弹力布 针织面料>>彩棉针织 针织面料>>色织布 棉类面料>>衬衫布 棉类面料>>工装面料 棉类面料>>条子布
时尚风衣,化纤面料>>其他化纤面料>>风衣面料
针梭织粗纺毛呢,呢料毛纺面料>>粗纺
针织铜氨,针织面料>>汗布>>汗布
铜氨,化纤面料>>人丝乔其
珠片满腹水溶,蕾丝/绣品>>珠片绣 蕾丝/绣品>>满幅(幅花) 蕾丝/绣品>>水溶
全涤时尚印花,化纤面料>>其他涤纶面料
墙布，胚布，,其他面料>>墙布
沙发窗帘工程布,其他面料>>窗帘面料 其他面料>>家纺>>沙发布 其他面料>>工程布
人造棉印花,化纤面料>>人棉印花
印花绣花染色,加工服务>>绣花 加工服务>>印花 加工服务>>印染
数码印花等工艺,加工服务>>印花>>数码印花
TR系列,化纤面料>>色丁 化纤面料>>弹力绉 化纤面料>>醋酸面料 化纤面料>>条子布 化纤面料>>人丝乔其 化纤面料>>人棉印花 化纤面料>>其他粘胶(人棉)面料
格子顺毛,呢料毛纺面料>>格子呢 呢料毛纺面料>>顺毛呢
条子呢,呢料毛纺面料>>其他呢料
羊绒大衣呢,呢料毛纺面料>>羊绒
格子,棉类面料>>格子布 棉类面料>>衬衫布 针织面料>>色织布 呢料毛纺面料>>格子呢
时尚面料,无
印花工艺,针织面料>>其他针织面料>>针织印花布 棉类面料>>梭织印花 麻类面料>>其他麻纺面料>>麻布印花
各类时尚面料,无
客户需求,无
莱卡复合,针织面料>>弹力布>>莱卡布 针织面料>>弹力布>>双面莱卡布
铜螺母,辅料>>服装饰品
铜棒,辅料>>服装饰品
铜系列产品,辅料>>服装饰品
女装,无
各种绒类产品,呢料毛纺面料>>绒布
全涤、涤棉坯布,化纤面料>>其他涤纶面料 棉类面料>>棉类混纺
全棉   涤棉,化纤面料>>其他涤纶面料 棉类面料>>棉类混纺 棉类面料>>棉布
全棉竹节布,针织面料>>针织牛仔>>竹节牛仔 针织面料>>汗布>>竹节汗布 针织面料>>粗针>>粗针竹节 针织面料>>其他针织面料>>针织竹节
各种都有,无
台湾布,化纤面料>>牛津纺>>牛津布 皮革/皮草>>PU
韩国绒，不倒绒,呢料毛纺面料>>绒布>>韩国绒 呢料毛纺面料>>绒布>>不倒绒
各种灯芯绒面料,棉类面料>>灯芯绒
白胚底布,无
高捻雪纺印花,化纤面料>>雪纺
单面双面顺毛呢,呢料毛纺面料>>双面呢 呢料毛纺面料>>单面呢 呢料毛纺面料>>顺毛呢
羊驼阿尔巴卡,呢料毛纺面料>>其他全毛面料>>羊驼毛
针织加棉757,棉类面料>>棉类混纺
面料,无
幻灯丝复合洒金,针织面料>>其他针织面料>>金银丝
各种类型,无
主麦,辅料>>洗唛、商标
洗麦,辅料>>洗唛、商标
不干胶贴纸,辅料>>布贴>>贴标
胶章,辅料>>布贴>>章仔
针织，麂皮系列,皮革/皮草>>麂皮绒
服装辅料，吊牌,辅料>>吊粒、吊牌>>吊牌 辅料>>服装饰品
洗水唛洗标印唛,辅料>>洗唛、商标
洗水唛印唛,辅料>>洗唛、商标
商标吊牌洗标,辅料>>洗唛、商标 辅料>>吊粒、吊牌>>吊牌
印花底料,针织面料>>其他针织面料>>针织印花布 棉类面料>>梭织印花 麻类面料>>其他麻纺面料>>麻布印花
仿麻棉条子,化纤面料>>仿麻布
针织灯芯条,针织面料>>针织提花>>坑条布 针织面料>>粗针>>粗针抽条 棉类面料>>灯芯绒
抽条,针织面料>>针织抽条
空气几皮,皮革/皮草>>麂皮绒>>空气层麂皮绒
磨砂绒,皮革/皮草>>麂皮绒 皮革/皮草>>鹿皮绒
五枚,皮革/皮草>>麂皮绒 皮革/皮草>>仿皮绒
六枚,皮革/皮草>>麂皮绒 皮革/皮草>>仿皮绒
鹿纤绒,皮革/皮草>>鹿皮绒 皮革/皮草>>仿皮绒
四面超纤,皮革/皮草>>皮革>>弹力皮革 皮革/皮草>>仿皮
单面超纤,皮革/皮草>>皮革>>弹力皮革 皮革/皮草>>仿皮
织唛,辅料>>洗唛、商标
印唛,辅料>>洗唛、商标
丝网印刷,蕾丝/绣品>>网布>>网布印花
PV绒 长毛绒,呢料毛纺面料>>绒布>>PV绒 呢料毛纺面料>>绒布>>长毛绒
仿皮草,皮革/皮草>>仿皮
人造棉30支,化纤面料>>其他粘胶(人棉)面料
牛奶丝拉架,针织面料>>其他针织面料>>牛奶丝
牛奶丝抓毛,针织面料>>其他针织面料>>打底裤面料 针织面料>>拉毛布 针织面料>>其他针织面料>>牛奶丝
麻棉类,麻类面料>>麻料混纺>>麻料混纺 麻类面料>>麻棉弹力
阳光绒,呢料毛纺面料>>绒布>>丝绒 呢料毛纺面料>>绒布>>银狐绒
花边辅料,蕾丝/绣品>>花边
电脑刺绣,蕾丝/绣品>>蕾丝绣花 蕾丝/绣品>>牛奶丝绣花
机绣,蕾丝/绣品>>蕾丝绣花 蕾丝/绣品>>牛奶丝绣花
亮丝布,针织面料>>其他针织面料>>金银丝
锦纶尼龙布,化纤面料>>春亚纺 化纤面料>>四面弹 化纤面料>>羽绒服、棉服面料类 化纤面料>>桃皮绒 化纤面料>>牛津纺 化纤面料>>其他尼龙面料
雪尼儿,针织面料>>双面布>>毛巾布
抑菌布,化纤面料>>功能布 其他面料>>特种面料 其他面料>>无纺布
真记忆,化纤面料>>羽绒服、棉服面料
T400,棉类面料>>破卡 化纤面料>>其他化纤面料>>登山布 化纤面料>>其他化纤面料>>冲锋衣面料 化纤面料>>功能布
植绒面料,针织面料>>其他针织面料>>针织植绒 棉类面料>>梭织植绒 呢料毛纺面料>>其他呢料>>植绒呢 蕾丝/绣品>>网布>>网布植绒 皮革/皮草>>皮革>>植绒皮革
雪纺类,化纤面料>>雪纺
花布,针织面料>>其他针织面料>>针织印花布 棉类面料>>梭织印花 麻类面料>>其他麻纺面料>>麻布印花
布朴纸朴裤头里,辅料>>衬布>>布衬 辅料>>衬布>>纸衬 化纤面料>>四面弹
一切能做植绒的,针织面料>>其他针织面料>>针织植绒 棉类面料>>梭织植绒 呢料毛纺面料>>其他呢料>>植绒呢 蕾丝/绣品>>网布>>网布植绒 皮革/皮草>>皮革>>植绒皮革
工程素色布,其他面料>>工程布
毛绒类,呢料毛纺面料>>绒布
金片绣，平绣,蕾丝/绣品>>蕾丝绣花>>平绣 蕾丝/绣品>>珠片绣
TC,化纤面料>>其他涤纶面料 棉类面料>>棉类混纺
CVC,化纤面料>>其他涤纶面料
风衣羽绒,化纤面料>>其他化纤面料>>风衣面料 化纤面料>>羽绒服、棉服面料
条纹格子衬衫布,棉类面料>>条子布 棉类面料>>格子布 棉类面料>>衬衫布 化纤面料>>条子布 针织面料>>色织布
条子格子色织类,棉类面料>>条子布 棉类面料>>格子布 棉类面料>>衬衫布 化纤面料>>条子布 针织面料>>色织布
刺毛面料,呢料毛纺面料>>龙凤呢 蕾丝/绣品>>锦氨蕾丝
双层面料,麻类面料>>其他麻纺面料>>双层麻 针织面料>>空气层>>健康布
格子面料,棉类面料>>格子布 棉类面料>>衬衫布 针织面料>>色织布 呢料毛纺面料>>格子呢
彩条,棉类面料>>条子布 棉类面料>>衬衫布 化纤面料>>条子布 针织面料>>色织布
间条,针织面料>>色织布>>针织间条 棉类面料>>条子布 化纤面料>>条子布
假捻乱麻,化纤面料>>雪纺>>乱麻
单双面涤盖棉,针织面料>>其他针织面料>>运动系列 针织面料>>其他针织面料>>校服系列 针织面料>>网布>>鸟眼布
裤头里胸杯肩棉,化纤面料>>四面弹 辅料>>肩垫
布衬纸衬裤头理,辅料>>衬布>>布衬 辅料>>衬布>>纸衬 化纤面料>>四面弹
麂皮绒雪纺,化纤面料>>雪纺 皮革/皮草>>麂皮绒
磨毛布印花布,针织面料>>拉毛布>>磨毛布 针织面料>>其他针织面料>>针织印花布
丙纶色织布,针织面料>>色织布
涤纶色织布,化纤面料>>其他涤纶面料
短纤色织布,针织面料>>色织布
韩版辅料,辅料>>钮扣 辅料>>魔术贴 辅料>>流苏、穗 辅料>>花边 辅料>>织带 辅料>>松紧带 辅料>>其他带子类 辅料>>绳子类 辅料>>线类 辅料>>亮片 辅料>>烫图、烫钻 辅料>>布贴 辅料>>服装饰品
胸针,辅料>>服装饰品
手摇花,辅料>>服装饰品
手绣花，手勾花,蕾丝/绣品>>蕾丝绣花 加工服务>>绣花
电脑绣花,加工服务>>绣花 蕾丝面料>>蕾丝绣花
涤光条码,蕾丝/绣品>>花边
牛奶丝满幅,蕾丝/绣品>>满幅(幅花)
皮带辅料,辅料>>服装饰品
透明橡筋,辅料>>松紧带>>橡筋
烫钻饰品,辅料>>烫图、烫钻
各种罗纹,针织面料>>罗纹
提花织带,辅料>>织带
丝带罗纹带,辅料>>织带 辅料>>其他带子 辅料>>绳子类
刻字膜,其他面料>>特种面料>>PVC
粗纺复合面料,呢料毛纺面料>>粗纺 针织面料>>粗针>>粗纺
盘带绣三合一,蕾丝/绣品>>蕾丝绣花
复合面料,无
真丝，毛绒,丝绸/真丝面料>>真丝面料 呢料毛纺面料>>绒布
撒亮粉，烫金,加工服务>>烫金
真丝羊绒,呢料毛纺面料>>羊绒
毛绒/宠物玩具,呢料毛纺面料>>绒布>>短毛绒
数码印花转移印,加工服务>>印花>>数码印花 加工服务>>印花>>转移印花
