"3D麻","梭织类"
"75D肤感","梭织类"
"9040","梭织类"
"9088","梭织类"
"EVA","其他面料"
"OK布","其他面料"
"PU","皮革皮草"
"PU涂层牛津纺","梭织类"
"PVC","其他面料"
"PVC","皮革皮草"
"PVC涂层布","梭织类"
"PV绒","针织类"
"TPU","辅料"
"TPU材料","其他面料"
"TR","梭织类"
"七彩棉","针织类"
"三文治烧花","针织类"
"三明治","针织类"
"三防布","梭织类"
"不倒绒","针织类"
"丝光棉","针织类"
"丝光牛仔布","梭织类"
"丝光绒","针织类"
"丝光锦","针织类"
"丝巾面料","梭织类"
"丝棉","梭织类"
"丝毛","梭织类"
"丝绒","针织类"
"丝绒","梭织类"
"丝绸","梭织类"
"丝麻提花","梭织类"
"中国呢","梭织类"
"丽丝绒","针织类"
"乐丽丝","梭织类"
"乔其纱","梭织类"
"乱纹","针织类"
"乱纹印花","针织类"
"乱麻四面弹","梭织类"
"乱麻布","梭织类"
"五枚缎(亮光缎纹)","梭织类"
"亚光绸缎","梭织类"
"亚呢","针织类"
"亚麻","梭织类"
"亮丝绉","梭织类"
"亮丝针织","针织类"
"亮光丝","梭织类"
"亮光尼丝纺","梭织类"
"亮光布","针织类"
"亮光棉","梭织类"
"亮光涤塔夫","梭织类"
"亮光锦","梭织类"
"亮光风衣布","梭织类"
"人丝乔其","梭织类"
"人丝涤粘","梭织类"
"人字呢","梭织类"
"人字带","辅料"
"人字斜","梭织类"
"人棉印花","梭织类"
"人棉提花","梭织类"
"人造毛","皮革皮草"
"仿乔其","梭织类"
"仿兔毛","针织类"
"仿兔绒","针织类"
"仿平绒","梭织类"
"仿棉汗布","针织类"
"仿毛布","梭织类"
"仿毛绒","针织类"
"仿牛仔","梭织类"
"仿牛仔","针织类"
"仿皮","皮革皮草"
"仿皮绒","皮革皮草"
"仿真丝","梭织类"
"仿真丝提花","梭织类"
"仿羊毛","梭织类"
"仿羊绒","针织类"
"仿羊绒","梭织类"
"仿羊羔绒","针织类"
"仿记忆布","梭织类"
"仿超柔","针织类"
"仿超柔复合","针织类"
"仿飞织布","其他面料"
"仿麦呢","梭织类"
"仿麻布","梭织类"
"仿麻竹节布","梭织类"
"休闲面料","梭织类"
"伦敦呢","针织类"
"佐织麻","梭织类"
"佳丽斜","梭织类"
"佳丽纱","梭织类"
"佳积布","针织类"
"俏丽呢","梭织类"
"假毛","针织类"
"健康布","针织类"
"兔绒","针织类"
"全尼龙布","梭织类"
"全棉仿牛仔","梭织类"
"全棉印花布","梭织类"
"全棉大卫衣","针织类"
"全棉平纹布","梭织类"
"全棉抗皱布","梭织类"
"全棉斜纹布","梭织类"
"全棉水溶","蕾丝/绣品"
"全棉汗布","针织类"
"全棉牛仔","梭织类"
"全棉磨毛布","梭织类"
"全棉色织","梭织类"
"全涤斜纹布","梭织类"
"冰花绒","针织类"
"冲孔","加工服务"
"冲锋衣面料","梭织类"
"凡立丁","梭织类"
"凤凰呢","针织类"
"制服呢","梭织类"
"剪毛绒","针织类"
"剪花布","梭织类"
"剪花牛仔","梭织类"
"剪花麻棉","梭织类"
"割圈绒","针织类"
"割绒","其他面料"
"割绒面料","针织类"
"加厚仿麻","梭织类"
"加捻绉布","梭织类"
"加捻罗马布","针织类"
"加捻记忆布","梭织类"
"包装辅料","辅料"
"包边条","辅料"
"化纤棉","辅料"
"化纤面料","梭织类"
"北极绒","针织类"
"医用隔帘布","其他面料"
"千鸟格","梭织类"
"千鸟格呢","梭织类"
"半光涤纶春亚纺","梭织类"
"半精纺","梭织类"
"半遮光","其他面料"
"华丽斜","梭织类"
"华夫格","针织类"
"华夫格","梭织类"
"华达呢","梭织类"
"卓尚呢","梭织类"
"单孔丝","针织类"
"单层网布","针织类"
"单线格","梭织类"
"单面呢","梭织类"
"单面布","针织类"
"单面提花","针织类"
"单面绒","针织类"
"单面顺毛","梭织类"
"南韩丝","针织类"
"南韩麻","梭织类"
"卡丹皇","梭织类"
"卡其布","梭织类"
"印染","加工服务"
"印花","加工服务"
"印花化纤布","梭织类"
"印花呢料","梭织类"
"印花底布","梭织类"
"印花毛呢","梭织类"
"印花毛圈布","针织类"
"印花灯芯绒","梭织类"
"印花牛仔","梭织类"
"印花窗帘布","其他面料"
"印花蕾丝","蕾丝/绣品"
"印花雪纺","梭织类"
"卷曲绒","针织类"
"压皱","加工服务"
"压皱布","梭织类"
"压胶","加工服务"
"压花","加工服务"
"压花皮革","皮革皮草"
"压花窗帘布","其他面料"
"双乔","梭织类"
"双奥呢","梭织类"
"双层呢","梭织类"
"双层四面弹","梭织类"
"双层布","梭织类"
"双层提花布","梭织类"
"双层棉","梭织类"
"双层皱","梭织类"
"双层麻","梭织类"
"双彩呢","梭织类"
"双纱汗布","针织类"
"双线格","梭织类"
"双绉","梭织类"
"双经斜","梭织类"
"双面呢","梭织类"
"双面布","针织类"
"双面布","梭织类"
"双面提花","针织类"
"双面斜","梭织类"
"双面绉","梭织类"
"双面绒","针织类"
"双面绒","梭织类"
"双面羊呢","梭织类"
"双面莱卡布","针织类"
"双面顺毛","梭织类"
"反光布","梭织类"
"反光条","辅料"
"变化斜","梭织类"
"口袋布","梭织类"
"司马克","加工服务"
"合成革","皮革皮草"
"吊坠","辅料"
"吊牌","辅料"
"吊钟","辅料"
"吸湿排汗面料","针织类"
"呢料","梭织类"
"呢料绣花","梭织类"
"哔叽","梭织类"
"哥弟布","针织类"
"唐装面料","梭织类"
"唛头","辅料"
"四件扣","辅料"
"四合扣","辅料"
"四方立绒","针织类"
"四面弹","针织类"
"四面弹","梭织类"
"四面弹透气涂膜面料","梭织类"
"围巾加工","加工服务"
"圆网印花","加工服务"
"圈圈呢","针织类"
"圈圈绒","针织类"
"圈绒","针织类"
"地毯","其他面料"
"坑条","梭织类"
"坑条布","针织类"
"垫肩","辅料"
"塑料","辅料"
"塔丝绒","梭织类"
"塔丝隆","梭织类"
"塔仕伦","梭织类"
"填充棉","辅料"
"填充物","辅料"
"墙布","其他面料"
"墙纸","其他面料"
"复合丝雪纺","梭织类"
"复合加工","加工服务"
"复合皮毛","皮革皮草"
"复合蕾丝刺毛布","蕾丝/绣品"
"多丽丝","梭织类"
"多丽丝","针织类"
"多丽丝印花","梭织类"
"多彩呢","梭织类"
"大众呢","梭织类"
"大斜纹","梭织类"
"大方网","针织类"
"大肚纱","针织类"
"大衣呢","梭织类"
"大象皮","针织类"
"大象皮","梭织类"
"天丝","梭织类"
"天丝棉","针织类"
"天丝棉","梭织类"
"天丝牛仔","梭织类"
"天丝绒","针织类"
"天丝麻","梭织类"
"天鹅绒","针织类"
"天鹅绒","梭织类"
"天鹅绒带","辅料"
"太子呢","梭织类"
"太空层","针织类"
"太空棉","针织类"
"夹丝棉","针织类"
"夹丝棉提花","针织类"
"夹克面料","梭织类"
"奥丽纱","梭织类"
"奥代尔斜纹","针织类"
"奥代尔汗布","针织类"
"奥代尔针织布","针织类"
"奥羊绒","针织类"
"女式呢","梭织类"
"婴乐绒","针织类"
"学生呢","梭织类"
"安娜丝","针织类"
"定型","加工服务"
"宝莱呢","梭织类"
"宝顺呢","梭织类"
"家纺","其他面料"
"密丝绒","针织类"
"密斜","梭织类"
"富丽绉","梭织类"
"富春纺","梭织类"
"富贵纺","梭织类"
"富贵麻","针织类"
"富贵麻","梭织类"
"小兔毛","针织类"
"尼丝纺","梭织类"
"尼丝纺亮光膜","梭织类"
"尼克服面料","梭织类"
"尼龙亮光布","梭织类"
"尼龙四面弹","梭织类"
"尼龙小方格","梭织类"
"尼龙布","针织类"
"尼龙弹力布","针织类"
"尼龙格防晒面料","梭织类"
"尼龙水洗皱","梭织类"
"尼龙牛津布","梭织类"
"尼龙牛津纺","梭织类"
"尼龙皱","梭织类"
"尼龙透气面料","梭织类"
"尼龙防晒面料","梭织类"
"嵌条","辅料"
"工程布","其他面料"
"工程窗帘布","其他面料"
"工程窗纱","其他面料"
"巴厘纱","梭织类"
"巴黎珠","梭织类"
"巴黎麻","针织类"
"布衬","辅料"
"帆布","梭织类"
"平板布","针织类"
"平纹仿天丝","梭织类"
"平纹仿记忆","梭织类"
"平纹呢","梭织类"
"平纹呢印花","梭织类"
"平纹布","梭织类"
"平纹格","梭织类"
"平纹记忆布","梭织类"
"平绒","梭织类"
"平绣","蕾丝/绣品"
"幻彩纱","梭织类"
"幻灯丝","针织类"
"府绸","梭织类"
"开口笑","针织类"
"弹力布","针织类"
"弹力布","梭织类"
"弹力带","辅料"
"弹力斜纹","梭织类"
"弹力棉布","梭织类"
"弹力牛仔布","梭织类"
"弹力牛津布","梭织类"
"弹力皮革","皮革皮草"
"弹力磨毛布","梭织类"
"弹力纱卡","梭织类"
"弹力细斜","梭织类"
"弹力绉","梭织类"
"弹力绳","辅料"
"弹力缎","梭织类"
"弹力缎纹印花布","梭织类"
"弹力贡缎","梭织类"
"弹力雪纺","梭织类"
"强缩呢","针织类"
"彩棉卫衣","针织类"
"彩棉汗布","针织类"
"彩棉针织","针织类"
"意大利纱","梭织类"
"意大利绒","梭织类"
"意大利绒","针织类"
"手工花","辅料"
"手工钻","辅料"
"扎染面料","针织类"
"扎染面料","梭织类"
"打孔绣","梭织类"
"打孔绣","蕾丝/绣品"
"打底裤系列","针织类"
"打鸡布","针织类"
"抓毛布","梭织类"
"抓毛布","针织类"
"抗静电布","其他面料"
"抽针面料","针织类"
"拉架卫衣","针织类"
"拉架罗纹","针织类"
"拉毛布","针织类"
"拉绒布","针织类"
"拉链","辅料"
"拷扣","辅料"
"拼接窗帘","其他面料"
"捻丝","针织类"
"提花呢料","梭织类"
"提花棉绸","梭织类"
"提花棉麻","梭织类"
"提花毛呢","梭织类"
"提花毛呢","针织类"
"提花牛仔","梭织类"
"提花窗帘","其他面料"
"提花罗马布","针织类"
"提花麻布","梭织类"
"摇头扣","辅料"
"摇粒绒","针织类"
"数码印花","加工服务"
"斜纹仿天丝","梭织类"
"斜纹印花布","梭织类"
"斜纹呢","梭织类"
"斜纹圆点","梭织类"
"斜纹布","梭织类"
"斜纹泡泡布","针织类"
"斜纹牛仔","梭织类"
"新奥呢","针织类"
"新沃呢","梭织类"
"方格毛呢","梭织类"
"无弹力牛仔","梭织类"
"无纺布","其他面料"
"无纺衬","辅料"
"日本绒","针织类"
"时尚呢","梭织类"
"时装呢","针织类"
"时装料","针织类"
"时装面料","梭织类"
"星星呢","梭织类"
"春亚纺","梭织类"
"春秋丁","梭织类"
"普通蕾丝","蕾丝/绣品"
"有光布","针织类"
"有光锦棉","梭织类"
"服装加工","加工服务"
"服装革","皮革皮草"
"朝阳格","梭织类"
"条子布","梭织类"
"条码","蕾丝/绣品"
"条码","辅料"
"条绒","梭织类"
"松紧带","辅料"
"极品绒","针织类"
"树皮皱","梭织类"
"校服系列","针织类"
"格子呢","梭织类"
"格子布","梭织类"
"格子里布","梭织类"
"桃皮绒","梭织类"
"梭织乱纹","梭织类"
"梭织人丝","梭织类"
"梭织仿天丝","梭织类"
"梭织印花","梭织类"
"梭织提花","梭织类"
"梭织植绒","梭织类"
"梭织铜氨丝","梭织类"
"棉布","梭织类"
"棉布绣花","蕾丝/绣品"
"棉布绣花","梭织类"
"棉感记忆布","梭织类"
"棉拉架印花布","针织类"
"棉拉架汗布","针织类"
"棉毛布","针织类"
"棉泡纱","梭织类"
"棉盖丝","针织类"
"棉盖涤","针织类"
"棉绳","辅料"
"棉绸","梭织类"
"棉花绒","针织类"
"棉麻印花","梭织类"
"棉麻布","梭织类"
"棉麻民族风印花布","梭织类"
"棉麻水洗布","梭织类"
"棉麻窗帘布","梭织类"
"棉麻竹节","梭织类"
"棉麻粗纺","梭织类"
"棉麻针织布","针织类"
"植绒","加工服务"
"植绒呢","梭织类"
"植绒革","皮革皮草"
"楼梯布","针织类"
"横机罗纹","针织类"
"横条亮丝","梭织类"
"横条呢","梭织类"
"横条雪纺","梭织类"
"横纹布","梭织类"
"橡筋","辅料"
"橡胶","辅料"
"欧丽丝","梭织类"
"欧根纱","梭织类"
"欧根纱","蕾丝/绣品"
"欧根纱提花","梭织类"
"欧根纱条子","梭织类"
"欧根纱格子","梭织类"
"欧根纱烧花","梭织类"
"欧根纱绣花","梭织类"
"欧根纱绣花","蕾丝/绣品"
"段染汗布","针织类"
"毛呢","梭织类"
"毛圈布","针织类"
"毛巾布","针织类"
"毛巾布","梭织类"
"毛巾底牛仔","梭织类"
"毛巾绣","加工服务"
"毛巾绣","蕾丝/绣品"
"毛料","针织类"
"毛毡布","其他面料"
"毛球","皮革皮草"
"毛球","辅料"
"毛皮提花","皮革皮草"
"毛纺","梭织类"
"毛线","辅料"
"毛线","针织类"
"毛绒","针织类"
"毛绒复合","针织类"
"毛衣订做","加工服务"
"毛衫","针织类"
"毛衫加工","加工服务"
"毛领","皮革皮草"
"民族布","梭织类"
"气眼","辅料"
"气蒸绒","针织类"
"水晶呢","梭织类"
"水晶绒","针织类"
"水晶超柔","针织类"
"水晶麻","针织类"
"水波纹","梭织类"
"水洗","加工服务"
"水洗牛仔布","梭织类"
"水洗皮","皮革皮草"
"水浆印花","加工服务"
"水溶","蕾丝/绣品"
"水貂毛","针织类"
"水貂绒","针织类"
"汗布","针织类"
"汽车坐垫","其他面料"
"沙丁布","梭织类"
"沙发布","其他面料"
"油光布","针织类"
"法兰呢","梭织类"
"法兰绒","针织类"
"法兰绒","梭织类"
"法国绒","针织类"
"法国羊绒","针织类"
"法莱呢","梭织类"
"泡泡布","针织类"
"泡泡布","梭织类"
"泡泡纱","梭织类"
"泡泡纱印花","梭织类"
"泡泡麻","梭织类"
"波比","针织类"
"泰迪绒","针织类"
"泳装布","针织类"
"洋呢","梭织类"
"洗水亚麻","梭织类"
"洗水棉","梭织类"
"洗水绉","梭织类"
"活性印花","加工服务"
"流苏","辅料"
"流苏蕾丝","蕾丝/绣品"
"海岛绒","针织类"
"海绵","辅料"
"涂层","加工服务"
"涂层布","其他面料"
"涂层布","梭织类"
"涂层春亚纺","梭织类"
"涤丝纺","梭织类"
"涤光丝","蕾丝/绣品"
"涤塔夫","梭织类"
"涤棉布","梭织类"
"涤棉水洗布","梭织类"
"涤棉纱卡","梭织类"
"涤氨纶弹力印花布","针织类"
"涤氨面料","针织类"
"涤盖棉","针织类"
"涤麻","梭织类"
"港花呢","梭织类"
"滚束毛","针织类"
"满幅(幅花)","蕾丝/绣品"
"滴塑","加工服务"
"滴塑加工厂","加工服务"
"澳贝绒","梭织类"
"激光冲孔","加工服务"
"激光绣","蕾丝/绣品"
"灯芯绒","梭织类"
"烂花","加工服务"
"烂花面料","梭织类"
"烟花绒","针织类"
"烤花呢","梭织类"
"烧花","加工服务"
"烧花蕾丝","蕾丝/绣品"
"烫画","辅料"
"烫画","加工服务"
"烫金","加工服务"
"烫金布","针织类"
"烫金布","梭织类"
"烫金皮革","皮革皮草"
"烫金蕾丝","蕾丝/绣品"
"烫钻","辅料"
"烫钻","针织类"
"烫钻","加工服务"
"烫银布","针织类"
"牙签条","梭织类"
"牛仔布","梭织类"
"牛仔布印花","梭织类"
"牛奶丝","针织类"
"牛奶丝印花","针织类"
"牛奶丝绣花","蕾丝/绣品"
"牛津布","梭织类"
"牛津纺","梭织类"
"牛皮","皮革皮草"
"牛肚布","针织类"
"牛角扣","辅料"
"特密纱","梭织类"
"特种面料","其他面料"
"狐狸毛","皮革皮草"
"狗仔毛混色","针织类"
"狗毛","针织类"
"狗毛提花","针织类"
"猪皮","皮革皮草"
"玉米格","针织类"
"玉米粒","针织类"
"玛海绒","梭织类"
"玲珑缎","梭织类"
"玲珑麻","梭织类"
"玻璃纱","梭织类"
"玻璃纱","蕾丝/绣品"
"珊瑚绒","针织类"
"珍珠呢","针织类"
"珍珠布","针织类"
"珍珠点","针织类"
"珍珠雪纺","梭织类"
"珠地布","针织类"
"珠帆","梭织类"
"珠片绣","辅料"
"珠片绣","针织类"
"珠片绣","梭织类"
"珠片绣","蕾丝/绣品"
"珠片绣","加工服务"
"登山布","梭织类"
"皇帝绒","梭织类"
"皇帝绒","针织类"
"皮带","辅料"
"皮标","辅料"
"皮毛","皮革皮草"
"皮毛一体","皮革皮草"
"皮绒","皮革皮草"
"皮革","皮革皮草"
"皮革冲孔","皮革皮草"
"皮革印花","皮革皮草"
"皮革复合","皮革皮草"
"盘带绣","针织类"
"盘带绣","加工服务"
"盘带绣花布","蕾丝/绣品"
"盘扣","辅料"
"直弹印花布","梭织类"
"直条布","针织类"
"直条网","针织类"
"直绒","梭织类"
"直贡","梭织类"
"直贡呢","针织类"
"真丝","针织类"
"真丝乔绒","梭织类"
"真丝印花","梭织类"
"真丝绉","梭织类"
"真丝绒","梭织类"
"真丝缎","梭织类"
"真丝面料","梭织类"
"真丝麻","梭织类"
"真丝麻印花","梭织类"
"真皮","皮革皮草"
"真记忆布","梭织类"
"眼镜","辅料"
"睫毛蕾丝","蕾丝/绣品"
"短毛绒","针织类"
"破卡布","梭织类"
"破斜","梭织类"
"硅胶","辅料"
"磨毛印花布","梭织类"
"磨毛布","针织类"
"磨毛布","梭织类"
"磨毛斜纹布","梭织类"
"磨毛牛仔","梭织类"
"神州呢","梭织类"
"秋香麻","梭织类"
"空气层","针织类"
"空气层麂皮绒","皮革皮草"
"窗帘加工","加工服务"
"窗帘布","其他面料"
"窗纱","其他面料"
"立体绣","蕾丝/绣品"
"立绒","梭织类"
"章仔","辅料"
"竹纤维面料","针织类"
"竹节丝弹力布","针织类"
"竹节呢","梭织类"
"竹节布","梭织类"
"竹节斜纹","梭织类"
"竹节棉","梭织类"
"竹节毛圈布","针织类"
"竹节汗布","针织类"
"竹节牛仔","针织类"
"竹节牛仔","梭织类"
"竹节麻","梭织类"
"箱包布","梭织类"
"箱包料","皮革皮草"
"箱包料","其他面料"
"篷布","其他面料"
"米兰呢","针织类"
"米兰绒","针织类"
"米兰麻","梭织类"
"米通格","梭织类"
"粗斜","梭织类"
"粗纺","针织类"
"粗纺","梭织类"
"粗纺呢绒","梭织类"
"粗纺复合面料","梭织类"
"粗纺提花","梭织类"
"粗花呢","梭织类"
"粗针","针织类"
"粗针印花","针织类"
"粗针坑条","针织类"
"粗针抽条","针织类"
"粗针提花","针织类"
"粗针条纹","针织类"
"粗针毛圈","针织类"
"粗针汗布","针织类"
"粗针磨毛","针织类"
"粗针竹节","针织类"
"粗针罗纹","针织类"
"粗针色织","针织类"
"粘衬","辅料"
"精纺呢","梭织类"
"精纺毛料","梭织类"
"素绉缎","梭织类"
"纤丝绒","其他面料"
"纬编布","针织类"
"纬编毛绒","针织类"
"纱卡","梭织类"
"纱布","梭织类"
"纱线","辅料"
"纱罗布","梭织类"
"纳米丝四面弹","梭织类"
"纳米丝四面弹","针织类"
"纳米丝色织布","针织类"
"纳米皱","梭织类"
"纸衬","辅料"
"纽扣","辅料"
"细斜","梭织类"
"细斜印花布","梭织类"
"细皱","梭织类"
"织带","辅料"
"织锦缎","梭织类"
"绉布","梭织类"
"绉布","针织类"
"绉花缎","梭织类"
"经编布","针织类"
"经编毛绒","针织类"
"经编汗布","针织类"
"经编绒布","针织类"
"经编里布","针织类"
"绒布","针织类"
"绒感记忆布","梭织类"
"绒雪纺","梭织类"
"绗缝","加工服务"
"绣品","蕾丝/绣品"
"绣花","加工服务"
"绣花布","梭织类"
"绣花标","辅料"
"绣花毛呢","梭织类"
"绣花窗帘布","其他面料"
"绣花窗纱","其他面料"
"绣花章","辅料"
"绳带","辅料"
"绳绣","蕾丝/绣品"
"绸缎","梭织类"
"缎带绣","蕾丝/绣品"
"缎彩太空层","针织类"
"缎彩空气层","针织类"
"缎彩面料","针织类"
"缎纹","梭织类"
"缎面","梭织类"
"缎面印花","梭织类"
"缎面提花","梭织类"
"缎面雪纺","梭织类"
"编织布","其他面料"
"编织绳","辅料"
"网孔布","梭织类"
"网布","针织类"
"网布","蕾丝/绣品"
"网布印花","蕾丝/绣品"
"网布提花","蕾丝/绣品"
"网布提花","针织类"
"网布植绒","蕾丝/绣品"
"网布珠片绣","蕾丝/绣品"
"网布盘带绣","蕾丝/绣品"
"网布绣花","蕾丝/绣品"
"网格布","梭织类"
"网眼太空层","针织类"
"网眼布","针织类"
"网眼提花","针织类"
"网纱","梭织类"
"网纱","蕾丝/绣品"
"网纱印花","梭织类"
"网纱提花","梭织类"
"网纱烫金","梭织类"
"网纱绣花","梭织类"
"网纱绣花","蕾丝/绣品"
"罗尔呢","梭织类"
"罗纹","针织类"
"罗缎","梭织类"
"罗马布","针织类"
"羊剪毛","辅料"
"羊剪绒","针织类"
"羊圈呢","针织类"
"羊毛呢","梭织类"
"羊毛拉架","针织类"
"羊毛绒","针织类"
"羊皮","皮革皮草"
"羊睫毛","梭织类"
"羊绒","针织类"
"羊绒呢料","梭织类"
"羊羔毛","针织类"
"羊羔毛中球","针织类"
"羊羔毛复合","针织类"
"羊羔毛大球","针织类"
"羊羔绒","针织类"
"羊驼呢","针织类"
"羊驼绒","梭织类"
"羊驼绒","针织类"
"美丽斜","梭织类"
"美丽绸","梭织类"
"美人条","针织类"
"美人条","梭织类"
"美国网","针织类"
"羽毛","辅料"
"羽绒服加工","加工服务"
"羽绒毛","其他面料"
"肌理布","梭织类"
"肌理棉","梭织类"
"肌理麻","梭织类"
"股线蕾丝","蕾丝/绣品"
"胚布印花","加工服务"
"胸垫","辅料"
"腰带","辅料"
"舒棉绒","针织类"
"舒美绸","梭织类"
"色丁布","梭织类"
"色丁带","辅料"
"色丁提花布","梭织类"
"色拉姆","针织类"
"色织布","梭织类"
"色织提花","针织类"
"色织提花","梭织类"
"色织条纹","梭织类"
"色织条纹","针织类"
"色织棉麻","梭织类"
"色织毛呢","梭织类"
"色织牛仔","梭织类"
"色织罗纹","针织类"
"芝麻呢","梭织类"
"花呢","梭织类"
"花式呢","梭织类"
"花瑶绉","梭织类"
"花边","辅料"
"花边","蕾丝/绣品"
"苎麻","梭织类"
"苎麻提花格","梭织类"
"苎麻棉","梭织类"
"苎麻水洗布","梭织类"
"荧光布","梭织类"
"莫代尔汗布","针织类"
"莱卡布","针织类"
"菠萝布","针织类"
"菠萝麻","梭织类"
"蓝狐毛","皮革皮草"
"蕾丝刺毛","蕾丝/绣品"
"蕾丝复合","蕾丝/绣品"
"蕾丝珠片绣","蕾丝/绣品"
"蕾丝绣花","蕾丝/绣品"
"薄料牛仔","梭织类"
"蚀毛面料","针织类"
"蚂蚁布","针织类"
"蚕丝缎","梭织类"
"蛇仔布","针织类"
"蜂窝呢","梭织类"
"蜈蚣纱","梭织类"
"蜡染布","梭织类"
"衣架","辅料"
"衬衫布","梭织类"
"装饰布","其他面料"
"装饰扣","辅料"
"装饰线","辅料"
"裙子布料","针织类"
"西亚呢","梭织类"
"西装面料","梭织类"
"记忆消光布","梭织类"
"调节扣","辅料"
"象皮绒","针织类"
"貉子毛","皮革皮草"
"贝贝绒","针织类"
"贡缎","梭织类"
"贡缎印花","梭织类"
"贴布绣","辅料"
"贴布绣花","蕾丝/绣品"
"贴标","辅料"
"贾卡","蕾丝/绣品"
"赛络纺","梭织类"
"超柔","针织类"
"超柔复合","针织类"
"超柔皮","皮革皮草"
"超纤布","针织类"
"超细旦","梭织类"
"超细纤维布","梭织类"
"软狐","皮革皮草"
"轻盈纺","梭织类"
"运动系列","针织类"
"退色球","针织类"
"透明条","针织类"
"透明膜","其他面料"
"速干面料","针织类"
"遮光布","其他面料"
"醋酸面料","梭织类"
"里布","梭织类"
"里约呢","梭织类"
"金丝绒","针织类"
"金丝绒","梭织类"
"金光绒","针织类"
"金奥呢","梭织类"
"金属扣","辅料"
"金属标","辅料"
"金属环","辅料"
"金感记忆布","梭织类"
"金狐绒","针织类"
"金貂绒","针织类"
"金银丝","针织类"
"金银丝色织","梭织类"
"针织乱麻","针织类"
"针织刺毛","针织类"
"针织剪花","针织类"
"针织卫衣布","针织类"
"针织印花布","针织类"
"针织压皱","针织类"
"针织压花","针织类"
"针织双层布","针织类"
"针织复合面料","针织类"
"针织拉绒","针织类"
"针织提花","针织类"
"针织斜纹","针织类"
"针织植绒","针织类"
"针织毛呢","针织类"
"针织泡泡麻","针织类"
"针织灯芯绒","针织类"
"针织烂花","针织类"
"针织烧花","针织类"
"针织牙签条","针织类"
"针织牛仔","针织类"
"针织牛百叶","针织类"
"针织破洞","针织类"
"针织磨毛印花","针织类"
"针织竹节","针织类"
"针织绗绣面料","针织类"
"针织绣花","针织类"
"针织羊绒","针织类"
"针织色丁","针织类"
"针织蜂窝","针织类"
"针织里布","针织类"
"针织钩编","针织类"
"针织间条","针织类"
"针织阳离子","针织类"
"针织雪纺","针织类"
"针织韩国麻","针织类"
"钉珠花","辅料"
"钩绣","蕾丝/绣品"
"钩编花边","蕾丝/绣品"
"钻石丝","针织类"
"钻石绒","针织类"
"钻石麻","梭织类"
"铜氨丝","针织类"
"铜氨人丝","梭织类"
"铜氨针织","针织类"
"银丝皱","梭织类"
"银狐绒","针织类"
"链条绣","蕾丝/绣品"
"锦棉双层","梭织类"
"锦棉竹节","梭织类"
"锦棉蕾丝","蕾丝/绣品"
"锦氨汗布","针织类"
"锦氨蕾丝","蕾丝/绣品"
"锦涤磨丝","梭织类"
"锦涤纺","梭织类"
"锦纶四面弹复合","梭织类"
"锦纶布","梭织类"
"锦缎","梭织类"
"锦缎提花","梭织类"
"镂空绣","蕾丝/绣品"
"镭射面料","其他面料"
"长丝","梭织类"
"长毛绒","针织类"
"长毛绒","梭织类"
"防水牛津布","梭织类"
"防水透气面料","梭织类"
"防水面料","梭织类"
"防滑带","辅料"
"防绒内胆布","梭织类"
"防绒布","梭织类"
"防羽布","梭织类"
"防臭面料","针织类"
"防雨布","梭织类"
"防静电面料","梭织类"
"防静电面料","针织类"
"阳光麻","梭织类"
"阳离子","梭织类"
"阳离子拉架","针织类"
"阳离子提花","梭织类"
"阳离子汗布","针织类"
"阻燃面料","梭织类"
"阿尔巴卡","梭织类"
"阿尔泰绒","针织类"
"阿玛呢","梭织类"
"雅典呢","梭织类"
"雪丝绒","针织类"
"雪呢绒","其他面料"
"雪尼尔","其他面料"
"雪来呢","梭织类"
"雪纺","梭织类"
"雪纺剪花","梭织类"
"雪纺压皱","梭织类"
"雪纺提花","梭织类"
"雪纺珠","梭织类"
"雪纺绉","梭织类"
"雪花绒","针织类"
"雪花绒","梭织类"
"雪花绒卫衣","针织类"
"青年布","梭织类"
"鞋材料","皮革皮草"
"鞋材料","其他面料"
"韩国斜","梭织类"
"韩国纱","针织类"
"韩国纱","梭织类"
"韩国绒","梭织类"
"韩国绒","针织类"
"韩国网","针织类"
"韩国雕花","针织类"
"韩国麻","梭织类"
"韩圈呢","针织类"
"韩巢呢","梭织类"
"韩彩呢","针织类"
"韩泰呢","针织类"
"韩珠呢","针织类"
"韩鑫呢","针织类"
"顺毛","梭织类"
"顺纡皱","梭织类"
"领花","蕾丝/绣品"
"领花","辅料"
"风纪扣","辅料"
"风衣呢","梭织类"
"飞织布","其他面料"
"饰品","辅料"
"香云纱","梭织类"
"香奈儿","梭织类"
"香格麻","梭织类"
"香风","梭织类"
"马海毛","梭织类"
"马海绒","针织类"
"驼绒","梭织类"
"骑兵斜","梭织类"
"高丝宝","梭织类"
"高丽纱","梭织类"
"高丽纱印花","梭织类"
"高密仿天丝","梭织类"
"高密仿真丝","梭织类"
"高密府绸","梭织类"
"高密斜","梭织类"
"高密斜仿天丝","梭织类"
"高密春亚纺","梭织类"
"高弹尼龙氨纶汗布","针织类"
"高弹赛络纺","梭织类"
"魔术贴","辅料"
"鱼鳞布","针织类"
"鳄鱼皮","皮革皮草"
"鸟眼布","针织类"
"鹿皮绒","皮革皮草"
"麂皮绒","皮革皮草"
"麂皮绒复合","皮革皮草"
"麦呢","梭织类"
"麦尔登呢","梭织类"
"麻布印花","梭织类"
"麻料","针织类"
"麻料","梭织类"
"麻料色织","梭织类"
"齐乐绒","梭织类"
"龙凤呢","针织类"
